Key,Id,Shared Comments,English(en),English(en) Comments,Dutch(nl),Dutch(nl) Comments,German(de),German(de) Comments,Greek(el),Greek(el) Comments,Italian(it),Italian(it) Comments,Norwegian(no),Norwegian(no) Comments,Polish(pl),Polish(pl) Comments,Slovenian(sl),Slovenian(sl) Comments,Spanish(es),Spanish(es) Comments
DELETE_ITEM,26341658550329344,,Delete item,,Item verwijderen,,Element löschen,,Διαγραφή στοιχείου,,Elimina elemento,,Slett element,,Usuń element,,Izbriši element,,Eliminar elemento,
META_BARCODE,21294142477819914,,Barcode,,Barcode,,Barcode,,Barcode,,Codice a barre,,Strekkode,,Kod kreskowy,,Črtna koda,,Código de barras,
META_BRAND,26341658554523648,,Brand,,Merk,,Marke,,Μάρκα,,Marca,,Merke,,Marka,,Blagovna znamka,,Marca,
META_BRANDS,21294142477819908,,Brands,,Merken,,Marken,,Μάρκες,,Marche,,Merker,,Marki,,Blagovne znamke,,Marcas,
META_CARBON_FOOTPRINT,21294142477819913,,Carbon footprint,,CO2-voetafdruk,,CO2-Fußabdruck,,Αποτύπωμα άνθρακα,,Impronta ecologica,,Karbonavtrykk,,Ślad węglowy,,Ogljični odtis,,Huella de carbono,
META_COUNTRIES,21294142477819911,,Countries where sold,,Landen waar verkocht,,Verkaufsländer,,Χώρες πώλησης,,Paesi di vendita,,Salgsland,,Kraje sprzedaży,,Države prodaje,,Países de venta,
META_LABELS,21294142477819912,,Labels & certifications,,Labels & certificeringen,,Labels & Zertifizierungen,,Ετικέτες & πιστοποιήσεις,,Etichette e certificazioni,,Etiketter og sertifiseringer,,Etykiety i certyfikaty,,Oznake in certifikati,,Etiquetas y certificaciones,
META_MANUFACTURING,21294142477819910,,Manufacturing places,,Productielocaties,,Herstellungsorte,,Τόποι παραγωγής,,Luoghi di produzione,,Produksjonssteder,,Miejsca produkcji,,Kraji proizvodnje,,Lugares de fabricación,
META_ORIGINS,21294142477819909,,Origin of ingredients,,Herkomst van ingrediënten,,Herkunft der Zutaten,,Προέλευση συστατικών,,Origine degli ingredienti,,Ingrediensenes opprinnelse,,Pochodzenie składników,,Izvor sestavin,,Origen de los ingredientes,
META_QUANTITY,21294142477819906,,Quantity,,Hoeveelheid,,Menge,,Ποσότητα,,Quantità,,Mengde,,Ilość,,Količina,,Cantidad,
META_SERVING_SIZE,21294142477819907,,Serving size,,Portiegrootte,,Portionsgröße,,Μέγεθος μερίδας,,Dimensione della porzione,,Porsjonsstørrelse,,Wielkość porcji,,Velikost obroka,,Tamaño de la ración,
NO_DATA_AVAILABLE,21294142473625607,,No data available,,Geen gegevens beschikbaar,,Keine Daten verfügbar,,Δεν υπάρχουν διαθέσιμα δεδομένα,,Nessun dato disponibile,,Ingen data tilgjengelig,,Brak dostępnych danych,,Ni razpoložljivih podatkov,,No hay datos disponibles,
NUTR_CARBOHYDRATES,21294142473625613,,Carbohydrates,,Koolhydraten,,Kohlenhydrate,,Υδατάνθρακες,,Carboidrati,,Karbohydrater,,Węglowodany,,Ogljikovi hidrati,,Carbohidratos,
NUTR_ENERGY_KCAL,21294142473625608,,Calories,,Calorieën,,Kalorien,,Θερμίδες,,Calorie,,Kalorier,,Kalorie,,Kalorije,,Calorías,
NUTR_ENERGY_KJ,21294142473625609,,Energy (kJ),,Energie (kJ),,Energie (kJ),,Ενέργεια (kJ),,Energia (kJ),,Energi (kJ),,Energia (kJ),,Energija (kJ),,Energija (kJ),
NUTR_FAT,21294142473625611,,Fat,,Vetten,,Fett,,Λιπαρά,,Grassi,,Fett,,Tłuszcz,,Maščobe,,Grasas,
NUTR_FIBER,21294142473625615,,Dietary fiber,,Voedingsvezels,,Ballaststoffe,,Φυτικές ίνες,,Fibre alimentari,,Kostfiber,,Błonnik pokarmowy,,Prehranske vlaknine,,Fibra alimentaria,
NUTR_GROUP_MACROS,21294142473625644,,Macronutrients,,Macronutriënten,,Makronährstoffe,,Μακροθρεπτικά συστατικά,,Macronutrienti,,Makronæringsstoffer,,Makroskładniki,,Makronutraetov,,Macronutrientes,
NUTR_PROTEINS,21294142473625610,,Proteins,,Eiwitten,,Eiweiß,,Πρωτεΐνες,,Proteine,,Proteiner,,Białko,,Beljakovine,,Proteínas,
NUTR_SALT,21294142473625616,,Salt,,Zout,,Salz,,Αλάτι,,Sale,,Salt,,Sól,,Sol,,Sal,
NUTR_SATURATED_FAT,21294142473625612,,Saturated fat,,Verzadigde vetten,,Gesättigte Fettsäuren,,Κορεσμένα λιπαρά,,Grassi saturi,,Mettet fett,,Tłuszcze nasycone,,Nasičene maščobe,,Grasas saturadas,
NUTR_SODIUM,21294142473625617,,Sodium,,Natrium,,Natrium,,Νάτριο,,Sodio,,Natrium,,Sód,,Natrij,,Sodio,
NUTR_SUGARS,21294142473625614,,Sugars,,Suikers,,Zucker,,Σάκχαρα,,Zuccheri,,Sukkerarter,,Cukry,,Sladkorji,,Azúcares,
TL_FAT,21294142473625652,,Fat,,Vetten,,Fett,,Λιπαρά,,Grassi,,Fett,,Tłuszcz,,Maščobe,,Grasa,
TL_SALT,21294142473625655,,Salt,,Zout,,Salz,,Αλάτι,,Sale,,Salt,,Sól,,Sol,,Sal,
TL_SATURATED_FAT,21294142473625653,,Saturated fat,,Verzadigde vetten,,Gesättigte Fettsäuren,,Κορεσμένα λιπαρά,,Grassi saturi,,Mettet fett,,Tłuszcze nasycone,,Nasičene maščobe,,Grasas saturadas,
TL_SUGARS,21294142473625654,,Sugars,,Suikers,,Zucker,,Σάκχαρα,,Zuccheri,,Sukkerarter,,Cukry,,Sladkorji,,Azúcares,
TXT_DONE,26341658558717952,,Done,,Klaar,,Fertig,,Έτοιμο,,Fatto,,Ferdig,,Gotowe,,Končano,,Hecho,
TXT_NEXT,26341658558717953,,Next,,Volgende,,Weiter,,Επόμενο,,Avanti,,Neste,,Dalej,,Naprej,,Siguiente,
FOOD_INFO_TITLE,21294142465236992,,Food Information,,Voedingsinformatie,,Informationen zu Lebensmitteln,,Πληροφορίες για τα τρόφιμα,,Informazioni sugli alimenti,,Informasjon om mat,,Informacje o produktach spożywczych,,Podatki o živilih,,Información sobre los alimentos,
ADD_TO_PANTRY,21294142473625600,,Add to pantry,,Toevoegen aan voorraadkast,,Zur Vorratskammer hinzufügen,,Προσθήκη στο ντουλάπι,,Aggiungi alla dispensa,,Legg til i spiskammeret,,Dodaj do spiżarni,,Dodaj v shrambo,,Añadir a la despensa,
ADD_TO_SHOPPING_LIST,21294142473625601,,Add to shopping list,,Toevoegen aan boodschappenlijstje,,Zur Einkaufsliste hinzufügen,,Προσθήκη στη λίστα αγορών,,Aggiungi alla lista della spesa,,Legg til på handlelisten,,Dodaj do listy zakupów,,Dodaj na nakupovalni seznam,,Añadir a la lista de la compra,
ADD_TO_MEAL_LOG,21294142473625602,,Add to meal log,,Toevoegen aan maaltijdlogboek,,Zum Ernährungstagebuch hinzufügen,,Προσθήκη στο ημερολόγιο γευμάτων,,Aggiungi al diario alimentare,,Legg til i måltidsloggen,,Dodaj do dziennika posiłków,,Dodaj v dnevnik obrokov,,Añadir al registro de comidas,
SECTION_INGREDIENTS,21294142473625603,,Ingredients,,Ingrediënten,,Zutaten,,Συστατικά,,Ingredienti,,Ingredienser,,Składniki,,Sestavine,,Ingredientes,
SECTION_ALLERGENS,21294142473625604,,Allergens,,Allergenen,,Allergene,,Αλλεργιογόνα,,Allergeni,,Allergener,,Alergeny,,Alergeni,,Alérgenos,
SECTION_NUTRITION_DETAIL,21294142473625605,,Full nutrition,,Volledige voeding,,Vollwertige Ernährung,,Πλήρης διατροφή,,Alimentazione completa,,Fullverdig ernæring,,Pełnowartościowe odżywianie,,Celovita prehrana,,Nutrición completa,
SECTION_META,21294142473625606,,Product details,,Productgegevens,,Produktdetails,,Λεπτομέρειες προϊόντος,,Dettagli sul prodotto,,Produktdetaljer,,Szczegóły produktu,,Podrobnosti o izdelku,,Detalles del producto,
NUTR_WATER,21294142473625618,,Water,,Water,,Wasser,,Νερό,,Acqua,,Vann,,Woda,,Voda,,Agua,
NUTR_PROTEINS_PLANT,21294142473625619,,Plant protein,,Plantaardige eiwitten,,Pflanzliches Eiweiß,,Φυτικές πρωτεΐνες,,Proteine vegetali,,Vegetabilsk protein,,Białko roślinne,,Rastlinske beljakovine,,Proteína vegetal,
NUTR_PROTEINS_ANIMAL,21294142473625620,,Animal protein,,Dierlijke eiwitten,,Tierisches Eiweiß,,Ζωική πρωτεΐνη,,Proteine animali,,Animalsk protein,,Białko zwierzęce,,Živalske beljakovine,,Proteína animal,
NUTR_STARCH,21294142473625621,,Starch,,Zetmeel,,Stärke,,Άμυλο,,Amido,,Stivelse,,Skrobia,,Škrob,,Almidón,
NUTR_ADDED_SUGARS,21294142473625622,,Added sugars,,Toegevoegde suikers,,Zugesetzte Zucker,,Προστιθέμενες ζάχαρες,,Zuccheri aggiunti,,Tilsatt sukker,,Cukry dodane,,Dodani sladkorji,,Azúcares añadidos,
NUTR_MONO_UNSATURATED_FAT,21294142473625623,,Monounsaturated fat,,Enkelvoudig onverzadigd vet,,Einfach ungesättigte Fettsäuren,,Μονοακόρεστα λιπαρά,,Grassi monoinsaturi,,Enumettet fett,,Tłuszcze jednonienasycone,,Enokratno nenasičene maščobe,,Grasas monoinsaturadas,
NUTR_POLY_UNSATURATED_FAT,21294142473625624,,Polyunsaturated fat,,Meervoudig onverzadigd vet,,Mehrfach ungesättigte Fettsäuren,,Πολυακόρεστα λιπαρά,,Grassi polinsaturi,,Flerumettet fett,,Tłuszcze wielonienasycone,,Večkrat nenasičene maščobe,,Grasas poliinsaturadas,
NUTR_OMEGA3_FAT,21294142473625625,,Omega-3,,Omega-3,,Omega-3,,Ωμέγα-3,,Omega-3,,Omega-3,,Omega-3,,Omega-3,,Omega-3,
NUTR_OMEGA6_FAT,21294142473625626,,Omega-6,,Omega-6,,Omega-6,,Ωμέγα-6,,Omega-6,,Omega-6,,Omega-6,,Omega-6,,Omega-6,
NUTR_TRANS_FAT,21294142473625627,,Trans fat,,Transvet,,Transfette,,Τρανς λιπαρά,,Grassi trans,,Transfett,,Tłuszcze trans,,Trans maščobe,,Grasas trans,
NUTR_POTASSIUM,21294142473625628,,Potassium,,Kalium,,Kalium,,Κάλιο,,Potassio,,Kalium,,Potas,,Kalij,,Potasio,
NUTR_CALCIUM,21294142473625629,,Calcium,,Calcium,,Kalzium,,Ασβέστιο,,Calcio,,Kalsium,,Wapń,,Kalcij,,Calcio,
NUTR_PHOSPHORUS,21294142473625630,,Phosphorus,,Fosfor,,Phosphor,,Φώσφορος,,Fosforo,,Fosfor,,Fosfor,,Fosfor,,Fósforo,
NUTR_MAGNESIUM,21294142473625631,,Magnesium,,Magnesium,,Magnesium,,Μαγνήσιο,,Magnesio,,Magnesium,,Magnez,,Magnezij,,Magnesio,
NUTR_IRON,21294142473625632,,Iron,,IJzer,,Eisen,,Σίδηρος,,Ferro,,Jern,,Żelazo,,Železo,,Hierro,
NUTR_ZINC,21294142473625633,,Zinc,,Zink,,Zink,,Ψευδάργυρος,,Zinco,,Sink,,Cynk,,Cink,,Zinc,
NUTR_VITAMIN_A,21294142473625634,,Vitamin A,,Vitamine A,,Vitamin A,,Βιταμίνη Α,,Vitamina A,,Vitamin A,,Witamina A,,Vitamin A,,Vitamina A,
NUTR_VITAMIN_D,21294142473625635,,Vitamin D,,Vitamine D,,Vitamin D,,Βιταμίνη D,,Vitamina D,,Vitamin D,,Witamina D,,Vitamin D,,Vitamina D,
NUTR_VITAMIN_E,21294142473625636,,Vitamin E,,Vitamine E,,Vitamin E,,Βιταμίνη Ε,,Vitamina E,,E-vitamin,,Witamina E,,Vitamin E,,Vitamina E,
NUTR_VITAMIN_K,21294142473625637,,Vitamin K,,Vitamine K,,Vitamin K,,Βιταμίνη Κ,,Vitamina K,,Vitamin K,,Witamina K,,Vitamin K,,Vitamina K,
NUTR_VITAMIN_C,21294142473625638,,Vitamin C,,Vitamine C,,Vitamin C,,Βιταμίνη C,,Vitamina C,,C-vitamin,,Witamina C,,Vitamin C,,Vitamina C,
NUTR_THIAMIN,21294142473625639,,Thiamin (B1),,Thiamine (B1),,Thiamin (B1),,Θειαμίνη (Β1),,Tiamina (B1),,Tiamin (B1),,Tiamina (B1),,Tiamin (B1),,Tiamina (B1),
NUTR_RIBOFLAVIN,21294142473625640,,Riboflavin (B2),,Riboflavine (B2),,Riboflavin (B2),,Ριβοφλαβίνη (Β2),,Riboflavina (B2),,Riboflavin (B2),,Ryboflawina (B2),,Riboflavin (B2),,Riboflavina (B2),
NUTR_VITAMIN_B6,21294142473625641,,Vitamin B6,,Vitamine B6,,Vitamin B6,,Βιταμίνη Β6,,Vitamina B6,,Vitamin B6,,Witamina B6,,Vitamin B6,,Vitamina B6,
NUTR_VITAMIN_B12,21294142473625642,,Vitamin B12,,Vitamine B12,,Vitamin B12,,Βιταμίνη Β12,,Vitamina B12,,Vitamin B12,,Witamina B12,,Vitamin B12,,Vitamina B12,
NUTR_FOLATE_TOTAL,21294142473625643,,Folate,,Foliumzuur,,Folsäure,,Φολικό οξύ,,Folato,,Folat,,Kwas foliowy,,Folna kislina,,Ácido fólico,
NUTR_GROUP_FATS,21294142473625645,,Fats,,Vetten,,Fette,,Λίπη,,Grassi,,Fett,,Tłuszcze,,Maščobe,,Grasas,
NUTR_GROUP_VITAMINS,21294142473625646,,Vitamins,,Vitaminen,,Vitamine,,Βιταμίνες,,Vitamine,,Vitaminer,,Witaminy,,Vitamini,,Vitaminas,
NUTR_GROUP_MINERALS,21294142473625647,,Minerals,,Mineralen,,Mineralien,,Ορυκτά,,Minerali,,Mineraler,,Minerały,,Minerali,,Minerales,
NUTRI_SCORE_LABEL,21294142473625648,,Nutri-Score,,Nutri-Score,,Nutri-Score,,Nutri-Score,,Nutri-Score,,Nutri-Score,,Nutri-Score,,Nutri-Score,,Nutri-Score,
NOVA_GROUP_LABEL,21294142473625649,,NOVA Group,,NOVA Group,,NOVA-Gruppe,,Όμιλος NOVA,,Gruppo NOVA,,NOVA-konsernet,,Grupa NOVA,,Skupina NOVA,,Grupo NOVA,
ECO_SCORE_LABEL,21294142473625650,,Eco-Score,,Eco-Score,,Öko-Score,,Οικολογική βαθμολογία,,Eco-Score,,Miljøpoeng,,Wynik ekologiczny,,Eko-ocena,,Puntuación ecológica,
TRAFFIC_LIGHT_LABEL,21294142473625651,,Nutrient levels,,Gehalte aan voedingsstoffen,,Nährstoffgehalte,,Επίπεδα θρεπτικών συστατικών,,Livelli di nutrienti,,Næringsstoffnivåer,,Poziomy składników odżywczych,,Vsebnost hranilnih snovi,,Niveles de nutrientes,
NOVA_1,21294142473625656,,Unprocessed,,Onbewerkt,,Unbearbeitet,,Μη επεξεργασμένο,,Non lavorato,,Ubehandlet,,Nieprzetworzone,,Nepredelano,,Sin procesar,
NOVA_2,21294142473625657,,Culinary ingredients,,Culinaire ingrediënten,,Kulinarische Zutaten,,Γαστρονομικά συστατικά,,Ingredienti culinari,,Kulinariske ingredienser,,Składniki kulinarne,,Kulinarične sestavine,,Ingredientes culinarios,
NOVA_3,21294142477819904,,Processed,,Verwerkt,,Bearbeitet,,Επεξεργασμένο,,Elaborato,,Behandlet,,Przetworzone,,Obdelano,,Procesado,
NOVA_4,21294142477819905,,Ultra-processed,,Ultraverbeterd,,Hochverarbeitet,,Υπερ-επεξεργασμένα,,Ultra-trasformati,,Ultrabearbeidet,,Wysoce przetworzone,,Ultrapredelano,,Ultraprocesados,
NAV_HOME,15417204736,,Home,,Home,,Startseite,,Αρχική σελίδα,,Home,,Hjem,,Strona główna,,Domov,,Hogar,
NAV_MENU,467936468992,,Menu,,Menu,,Menü,,Μενού,,Menu,,Meny,,Menu,,Meni,,Menú,
NAV_MEAL_LOG,8970780532736,,Meal log,,Eetdagboek,,Essensprotokoll,,Ημερολόγιο γευμάτων,,Registro dei pasti,,Måltidslogg,,Dziennik posiłków,,Dnevnik obrokov,,Registro de comidas,
NAV_PROFILE,9243779391488,,Profile,,Profiel,,Profil,,Προφίλ,,Profilo,,Profil,,Profil,,Profil,,Perfil,
LOADING,2541068313681920,,Loading,,Bezig met laden,,Wird geladen,,Φόρτωση,,Caricamento in corso,,Laster,,Ładowanie,,Nalaganje,,Cargando,
LOADING_ASSETS,18113535941795840,,Loading Assets,,Bestanden worden geladen,,Assets werden geladen,,Φόρτωση αρχείων,,Caricamento delle risorse,,Laster inn ressurser,,Ładowanie zasobów,,Nalaganje datotek,,Cargando Assets,
CHECK_AUTH,18114763199340544,,Checking Authentication,,Authenticatie controleren,,Überprüfung der Authentifizierung,,Έλεγχος ταυτότητας,,Verifica dell'autenticazione,,Kontroll av autentisering,,Sprawdzanie uwierzytelnienia,,Preverjanje avtentifikacije,,Verificando la autenticación,
LOGIN_TITLE,18417184911908864,,"Play, learn, and eat better: together we feed the change.",,"Spelen, leren en gezonder eten: samen zorgen we voor verandering.",,"Spielen, lernen und sich besser ernähren: Gemeinsam treiben wir den Wandel voran.",,"Παίξτε, μάθετε και τρώτε πιο υγιεινά: μαζί τροφοδοτούμε την αλλαγή.",,"Giocare, imparare e mangiare meglio: insieme alimentiamo il cambiamento.",,"Lek, lær og spis sunnere: sammen bidrar vi til forandringen.",,"Baw się, ucz się i jedz zdrowiej: razem napędzamy zmianę.",,"Igrajte se, učite se in jejte bolje: skupaj spodbujamo spremembe.",,"Juega, aprende y come mejor: juntos impulsamos el cambio.",
USERNAME,18417602513592320,,Username,,Gebruikersnaam,,Benutzername,,Όνομα χρήστη,,Nome utente,,Brukernavn,,Nazwa użytkownika,,Uporabniško ime,,Nombre de usuario,
USERNAME_PLACEHOLDER,18417848396275712,,Your username,,Je gebruikersnaam,,Dein Benutzername,,Το όνομα χρήστη σας,,Il tuo nome utente,,Brukernavnet ditt,,Twoja nazwa użytkownika,,Vaše uporabniško ime,,Tu nombre de usuario,
PASSWORD,18418052671463424,,Password,,Wachtwoord,,Passwort,,Κωδικός πρόσβασης,,Password,,Passord,,Hasło,,Geslo,,Contraseña,
PASSWORD_PLACEHOLDER,18418114709413888,,Your password,,Uw wachtwoord,,Ihr Passwort,,Ο κωδικός πρόσβασής σας,,La tua password,,Passordet ditt,,Twoje hasło,,Vaše geslo,,Su contraseña,
EMAIL,22812687661522944,,Email,,E-mail,,E-Mail,,Ηλεκτρονικό ταχυδρομείο,,E-mail,,E-post,,E-mail,,E-pošta,,Correo electrónico,
EMAIL_PLACEHOLDER,22812856394178560,,Your email,,Je e-mailadres,,Ihre E-Mail-Adresse,,Το email σας,,La tua e-mail,,E-postadressen din,,Twój adres e-mail,,Vaš e-poštni naslov,,Su correo electrónico,
COUNTRY,22819676332482560,,Country of residence,,Land van verblijf,,Wohnsitzland,,Χώρα διαμονής,,Paese di residenza,,Bostedsland,,Kraj zamieszkania,,Država prebivališča,,País de residencia,
COUNTRY_PLACEHOLDER,22819860558897152,,Select your country of residence,,Kies het land waar u woont,,Wählen Sie Ihr Wohnsitzland aus,,Επιλέξτε τη χώρα διαμονής σας,,Seleziona il tuo paese di residenza,,Velg landet du bor i,,Wybierz kraj zamieszkania,,"Izberite državo, v kateri prebivate",,Selecciona tu país de residencia,
REGION,22820314747494400,,Region,,Regio,,Region,,Περιοχή,,Regione,,Region,,Region,,Regija,,Región,
REGION_PLACEHOLDER,22820425670057984,,Select your region,,Kies uw regio,,Wählen Sie Ihre Region aus,,Επιλέξτε την περιοχή σας,,Seleziona la tua regione,,Velg din region,,Wybierz swój region,,Izberite svojo regijo,,Seleccione su región,
AGREE_TERMS,25345767223844864,,I agree to the <b>Terms of Service</b> and <b>Privacy Policy</b>.,,Ik ga akkoord met de <b>Gebruiksvoorwaarden</b> en het <b>Privacybeleid</b>.,,Ich stimme den <b>Nutzungsbedingungen</b> und der <b>Datenschutzerklärung</b> zu.,,Συμφωνώ με τους <b>Όρους Χρήσης</b> και την <b>Πολιτική Απορρήτου</b>.,,Accetto i <b>Termini di servizio</b> e l'<b>Informativa sulla privacy</b>.,,Jeg godtar <b>vilkårene for bruk</b> og <b>personvernreglene</b>.,,Wyrażam zgodę na <b>Warunki korzystania z serwisu</b> oraz <b>Politykę prywatności</b>.,,Strinjam se s <b>Pogoji uporabe</b> in <b>Politiko zasebnosti</b>.,,Acepto los <b>Términos de Servicio</b> y la <b>Política de Privacidad</b>.,
T&C_TITLE,25351728189661184,,Terms and Conditions,,Algemene voorwaarden,,Allgemeine Geschäftsbedingungen,,Όροι και Προϋποθέσεις,,Termini e condizioni,,Vilkår og betingelser,,Warunki korzystania z serwisu,,Pogoji in določila,,Términos y condiciones,
TXT_ACCEPT,25353163560181760,,Accept,,Accepteren,,Akzeptieren,,Αποδοχή,,Accetta,,Godta,,Zaakceptuj,,Sprejmi,,Aceptar,
TXT_CANCEL,25353325686808576,,Cancel,,Annuleren,,Abbrechen,,Ακύρωση,,Annulla,,Avbryt,,Anuluj,,Prekliči,,Cancelar,
TXT_OK,25353803774550016,,Ok,,Oké,,Ok,,Εντάξει,,Ok,,Ok,,Ok,,Ok,,Ok,
ALERT_ERROR_TITLE,25354482861727744,,Error,,Fout,,Fehler,,Σφάλμα,,Errore,,Feil,,Błąd,,Napaka,,Error,
ERROR_FIELDS_VALIDATION,25354925167861760,,Fields validation failed,,De validatie van de velden is mislukt,,Die Feldvalidierung ist fehlgeschlagen,,Η επικύρωση των πεδίων απέτυχε,,Convalida dei campi non riuscita,,Validering av feltene mislyktes,,Weryfikacja pól nie powiodła się,,Preverjanje veljavnosti polj ni uspelo,,La validación de los campos falló,
ERROR_NO_EMPTY,25355658118291456,,This field cannot be empty.,,Dit veld mag niet leeg zijn.,,Dieses Feld darf nicht leer sein.,,Αυτό το πεδίο δεν μπορεί να είναι κενό.,,Questo campo non può essere vuoto.,,Dette feltet må ikke være tomt.,,To pole nie może być puste.,,To polje ne sme biti prazno.,,Este campo no puede estar vacío.,
ERROR_EMAIL_INVALID,25358434474909696,,Please enter a valid email address.,,Voer een geldig e-mailadres in.,,Bitte geben Sie eine gültige E-Mail-Adresse ein.,,Παρακαλώ εισάγετε μια έγκυρη διεύθυνση ηλεκτρονικού ταχυδρομείου.,,Inserisci un indirizzo e-mail valido.,,Vennligst oppgi en gyldig e-postadresse.,,Wprowadź poprawny adres e-mail.,,Vnesite veljaven e-poštni naslov.,,"Por favor, introduzca una dirección de correo electrónico válida.",
ERROR_PASS_SHORT,25358751560097792,,Password must be at least 6 characters long.,,Het wachtwoord moet uit minimaal 6 tekens bestaan.,,Das Passwort muss mindestens 6 Zeichen lang sein.,,Ο κωδικός πρόσβασης πρέπει να αποτελείται από τουλάχιστον 6 χαρακτήρες.,,La password deve contenere almeno 6 caratteri.,,Passordet må bestå av minst 6 tegn.,,Hasło musi składać się z co najmniej 6 znaków.,,Geslo mora biti dolgo vsaj 6 znakov.,,La contraseña debe tener al menos 6 caracteres.,
ERROR_BIRTH_1,25360689668284416,,Invalid birth year.,,Ongeldig geboortejaar.,,Ungültiges Geburtsjahr.,,Μη έγκυρο έτος γέννησης.,,Anno di nascita non valido.,,Ugyldig fødselsår.,,Nieprawidłowy rok urodzenia.,,Neveljavno leto rojstva.,,Año de nacimiento no válido.,
ERROR_BIRTH_2,25360689668284417,,You must be over 18 to use the platform.,,Je moet ouder zijn dan 18 jaar om het platform te mogen gebruiken.,,"Sie müssen mindestens 18 Jahre alt sein, um die Plattform nutzen zu können.",,Πρέπει να είστε άνω των 18 ετών για να χρησιμοποιήσετε την πλατφόρμα.,,Per utilizzare la piattaforma è necessario avere più di 18 anni.,,Du må være over 18 år for å kunne bruke plattformen.,,"Aby korzystać z platformy, musisz mieć ukończone 18 lat.",,Za uporabo platforme morate biti starejši od 18 let.,,Debe tener más de 18 años para usar la plataforma.,
ERROR_COUNTRY_SELECT,25360689668284418,,You must select a country.,,U moet een land selecteren.,,Sie müssen ein Land auswählen.,,Πρέπει να επιλέξετε μια χώρα.,,È necessario selezionare un paese.,,Du må velge et land.,,Należy wybrać kraj.,,Izberite državo.,,Debe seleccionar un país.,
ERROR_REGION_SELECT,25360689668284419,,You must select a region.,,U moet een regio selecteren.,,Sie müssen eine Region auswählen.,,Πρέπει να επιλέξετε μια περιοχή.,,È necessario selezionare una regione.,,Du må velge en region.,,Należy wybrać region.,,Izberite regijo.,,Debe seleccionar una región.,
ERROR_PC_FORMAT,25360689668284420,,Invalid postal code format.,,Ongeldige postcode-indeling.,,Ungültiges Postleitzahlenformat.,,Η μορφή του ταχυδρομικού κώδικα δεν είναι έγκυρη.,,Formato del codice postale non valido.,,Ugyldig postnummerformat.,,Nieprawidłowy format kodu pocztowego.,,Neveljaven format poštne številke.,,Formato de código postal no válido.,
ERROR_T&C_A,25360689668284421,,You must accept the Terms and Conditions to continue.,,U moet akkoord gaan met de Algemene Voorwaarden om verder te gaan.,,"Sie müssen die Allgemeinen Geschäftsbedingungen akzeptieren, um fortzufahren.",,Πρέπει να αποδεχτείτε τους Όρους και Προϋποθέσεις για να συνεχίσετε.,,Per continuare è necessario accettare i Termini e le Condizioni.,,Du må godta vilkårene og betingelsene for å fortsette.,,"Aby kontynuować, musisz zaakceptować Warunki korzystania z serwisu.",,"Da bi lahko nadaljevali, morate sprejeti pogoje uporabe.",,Debe aceptar los Términos y Condiciones para continuar.,
SIGNIN,25367919163596800,,Sign in,,Inloggen,,Anmelden,,Σύνδεση,,Accedi,,Logg inn,,Zaloguj się,,Prijavi se,,Inicia sesión,
PASS_FORGOT,25368981371084800,,Forgot you password?,,Wachtwoord vergeten?,,Passwort vergessen?,,Ξεχάσατε τον κωδικό πρόσβασής σας;,,Hai dimenticato la password?,,Har du glemt passordet ditt?,,Nie pamiętasz hasła?,,Ste pozabili geslo?,,¿Olvidaste tu contraseña?,
NOACC_SIGN,25369431499595776,,Don't have an account? Sign up,,Heb je nog geen account? Meld je dan aan,,Sie haben noch kein Konto? Registrieren Sie sich,,Δεν έχετε λογαριασμό; Εγγραφείτε,,Non hai un account? Registrati,,Har du ikke en konto? Registrer deg,,Nie masz konta? Zarejestruj się,,Še nimate računa? Registrirajte se,,¿No tiene una cuenta? Regístrese,
FP_TITLE,25394900353671168,,Reset password,,Wachtwoord opnieuw instellen,,Passwort zurücksetzen,,Επαναφορά κωδικού πρόσβασης,,Reimposta password,,Tilbakestill passord,,Zresetuj hasło,,Ponastavi geslo,,Restablecer contraseña,
FP_DESC,25395075277119488,,Input your email and we'll send you a link to reset your password.,,"Vul je e-mailadres in, dan sturen we je een link om je wachtwoord opnieuw in te stellen.",,"Geben Sie Ihre E-Mail-Adresse ein, dann senden wir Ihnen einen Link zum Zurücksetzen Ihres Passworts.",,Εισάγετε το email σας και θα σας στείλουμε έναν σύνδεσμο για να επαναφέρετε τον κωδικό πρόσβασής σας.,,Inserisci il tuo indirizzo e-mail e ti invieremo un link per reimpostare la password.,,"Skriv inn e-postadressen din, så sender vi deg en lenke for å tilbakestille passordet ditt.",,"Wpisz swój adres e-mail, a wyślemy Ci link umożliwiający zresetowanie hasła.",,Vnesite svoj e-poštni naslov in vam bomo poslali povezavo za ponastavitev gesla.,,Ingrese su correo electrónico y le enviaremos un enlace para restablecer su contraseña.,
TXT_CONTINUE,25395779614007296,,Continue,,Doorgaan,,Weiter,,Συνέχεια,,Continua,,Fortsett,,Kontynuuj,,Nadaljuj,,Continúa,
TXT_BACK,25395959562231808,,Back,,Terug,,Zurück,,Πίσω,,Indietro,,Tilbake,,Powrót,,Nazaj,,Volver,
LOADING_NUTRI,27512489452232704,,Loading {global.PET_NAME},,Bezig met laden van {global.PET_NAME},,{global.PET_NAME} wird geladen,,Φόρτωση {global.PET_NAME},,Caricamento di {global.PET_NAME},,Laster inn {global.PET_NAME},,Ładowanie {global.PET_NAME},,Nalaganje {global.PET_NAME},,Cargando {global.PET_NAME},
PET_NAME,27515040654417920,,Foody,,Foody,,Foody,,Foody,,Foody,,Foody,,Foody,,Foody,,Nutri,
NAV_NOTIFICATIONS,28204088708554752,,Notifications,,Meldingen,,Benachrichtigungen,,Ειδοποιήσεις,,Notifiche,,Varsler,,Powiadomienia,,Obvestila,,Notificaciones,
COMPLETE_WELCOME_MESSAGE,35547983100502016,,"Together, we’ll connect your kitchen with caring for the planet.

Cook, learn, share, and grow every day.

Ready to get started?",,"Samen brengen we je keuken in verband met zorg voor de planeet.

Kook, leer, deel en groei elke dag.

Klaar om te beginnen?",,"Gemeinsam verbinden wir Ihre Küche mit dem Schutz unseres Planeten.

Kochen, lernen, teilen und jeden Tag wachsen.

Sind Sie bereit, loszulegen?",,"Μαζί, θα συνδέσουμε την κουζίνα σας με τη φροντίδα για τον πλανήτη.

Μαγειρέψτε, μάθετε, μοιραστείτε και εξελιχθείτε κάθε μέρα.

Είστε έτοιμοι να ξεκινήσετε;",,"Insieme, uniremo la tua cucina alla tutela del pianeta.

Cucina, impara, condividi e cresci ogni giorno.

Pronto a iniziare?",,"Sammen skal vi knytte kjøkkenet ditt til omsorgen for planeten.

Lag mat, lær, del og utvikle deg hver dag.

Er du klar til å komme i gang?",,"Razem połączymy Twoją kuchnię z troską o naszą planetę.

Gotuj, ucz się, dziel się i rozwijaj się każdego dnia.

Gotowy, by zacząć?",,"Skupaj bomo vašo kuhinjo povezali s skrbjo za planet.

Vsak dan kuhajte, se učite, delite in rastite.

Ste pripravljeni začeti?",,"Juntos, conectaremos tu cocina con el cuidado del planeta.",
BTN_CREATE_AVATAR,35549851969118208,,Create your avatar,,Maak je avatar aan,,Erstelle deinen Avatar,,Δημιουργήστε το άβατάρ σας,,Crea il tuo avatar,,Lag din egen avatar,,Stwórz swoją postać,,Ustvari svoj avatar,,Crea tu avatar,
BTN_COMPLETE_PROFILE,35549934412357632,,Complete your profile,,Vul je profiel aan,,Vervollständigen Sie Ihr Profil,,Συμπληρώστε το προφίλ σας,,Completa il tuo profilo,,Fullfør profilen din,,Uzupełnij swój profil,,Dopolnite svoj profil,,Completa tu perfil,
BTN_ENTER_APP,35550076637011968,,Enter the app,,Open de app,,Die App öffnen,,Μπείτε στην εφαρμογή,,Accedi all'app,,Åpne appen,,Wejdź do aplikacji,,Odpri aplikacijo,,Entra en la aplicación,
API_ERROR_LOGIN_401,38372841320603648,,User or password incorrect,,Gebruikersnaam of wachtwoord onjuist,,Benutzername oder Passwort falsch,,Λανθασμένος χρήστης ή κωδικός πρόσβασης,,Nome utente o password errati,,Feil brukernavn eller passord,,Nieprawidłowa nazwa użytkownika lub hasło,,Nepravilen uporabniški ime ali geslo,,Usuario o contraseña incorrectos,
API_ERROR_404,38373129888718848,,Service not found,,Dienst niet gevonden,,Dienst nicht gefunden,,Η υπηρεσία δεν βρέθηκε,,Servizio non trovato,,Tjenesten ble ikke funnet,,Nie znaleziono usługi,,Storitve ni bilo mogoče najti,,Servicio no encontrado,
API_ERROR_400,38373203972710400,,Invalid request,,Ongeldig verzoek,,Ungültige Anfrage,,Μη έγκυρο αίτημα,,Richiesta non valida,,Ugyldig forespørsel,,Nieprawidłowe żądanie,,Neveljavna zahteva,,Solicitud no válida,
API_ERROR_500,38373263087230976,,Server error,,Serverfout,,Serverfehler,,Σφάλμα διακομιστή,,Errore del server,,Serverfeil,,Błąd serwera,,Napaka strežnika,,Error del servidor,
API_ERROR_CONNECTION,38373338052026368,,Conection error: {0},,Verbindingsfout: {0},,Verbindungsfehler: {0},,Σφάλμα σύνδεσης: {0},,Errore di connessione: {0},,Tilkoblingsfeil: {0},,Błąd połączenia: {0},,Napaka pri povezavi: {0},,Error de conexión: {0},
API_ERROR_INVALID_RESPONSE,38380494998462464,,Server invalid response,,Ongeldige reactie van de server,,Ungültige Antwort des Servers,,Μη έγκυρη απόκριση διακομιστή,,Risposta non valida del server,,Ugyldig svar fra serveren,,Nieprawidłowa odpowiedź serwera,,Neveljaven odgovor strežnika,,Respuesta no válida del servidor,
API_ERROR_UNEXPECTED,38381013338939392,,Unexpected error: {0},,Onverwachte fout: {0},,Unerwarteter Fehler: {0},,Απροσδόκητο σφάλμα: {0},,Errore imprevisto: {0},,Uventet feil: {0},,Nieoczekiwany błąd: {0},,Nepričakovana napaka: {0},,Error inesperado: {0},
API_ERROR_REGISTER_400,38381665582571520,,Invalid registration data,,Ongeldige registratiegegevens,,Ungültige Registrierungsdaten,,Μη έγκυρα στοιχεία εγγραφής,,Dati di registrazione non validi,,Ugyldige registreringsopplysninger,,Nieprawidłowe dane rejestracyjne,,Neveljavni podatki o registraciji,,Datos de registro no válidos,
API_ERROR_REGISTER_409,38382047729803264,,User already exists,,De gebruiker bestaat al,,Der Benutzer existiert bereits,,Ο χρήστης υπάρχει ήδη,,L'utente esiste già,,Brukeren finnes allerede,,Użytkownik już istnieje,,Uporabnik že obstaja,,El usuario ya existe,
DELETE_ACCOUNT_TITLE,38465117124288512,,Attention!,,Let op!,,Achtung!,,Προσοχή!,,Attenzione!,,Oppmerksomhet!,,Uwaga!,,Pozor!,,¡Atención!,
DELETE_ACCOUNT_MESSAGE,38465306467753984,,"This action will permanently delete all your data from the platform.

Are you sure?",,"Hierdoor worden al je gegevens definitief van het platform verwijderd.

Weet je het zeker?",,"Durch diesen Vorgang werden alle Ihre Daten dauerhaft von der Plattform gelöscht.

Sind Sie sicher?",,"Αυτή η ενέργεια θα διαγράψει οριστικά όλα τα δεδομένα σας από την πλατφόρμα.

Είστε σίγουροι;",,"Questa operazione cancellerà definitivamente tutti i tuoi dati dalla piattaforma.

Sei sicuro?",,"Denne handlingen vil slette alle opplysningene dine permanent fra plattformen.

Er du sikker?",,"Ta czynność spowoduje trwałe usunięcie wszystkich Twoich danych z platformy.

Czy na pewno chcesz to zrobić?",,"Ta dejanja bodo trajno izbrisala vse vaše podatke s platforme.

Ste prepričani?",,Esta acción eliminará permanentemente todos sus datos de la plataforma.,
TEXT_SIZE,39878750429503488,,Text size,,Tekstgrootte,,Schriftgröße,,Μέγεθος κειμένου,,Dimensione del testo,,Tekststørrelse,,Rozmiar tekstu,,Velikost besedila,,Tamaño del texto,
THEME,39878840065974272,,Theme,,Thema,,Thema,,Θέμα,,Tema,,Tema,,Temat,,Tema,,Tema,
BACKGROUND,39878882189369344,,Background,,Achtergrond,,Hintergrund,,Ιστορικό,,Contesto,,Bakgrunn,,Kontekst,,Uvod,,Fondo,
FONT,39878980084424704,,Font,,Lettertype,,Schriftart,,Γραμματοσειρά,,Carattere,,Skrift,,Czcionka,,Črkovna vrsta,,Fuente,
PUSH_NOTIFICATIONS,39879011575259136,,Push notifications,,Pushmeldingen,,Push-Benachrichtigungen,,Ειδοποιήσεις push,,Notifiche push,,Push-varsler,,Powiadomienia push,,Obvestila s potisnim obvestilom,,Notificaciones push,
LANGUAGE,39879077732016128,,Language,,Taal,,Sprache,,Γλώσσα,,Lingua,,Språk,,Język,,Jezik,,Idioma,
SOUND,39879128504066048,,Sound,,Geluid,,Ton,,Ήχος,,Audio,,Lyd,,Dźwięk,,Zvok,,Sonido,
MUSIC,39879174494609408,,Music,,Muziek,,Musik,,Μουσική,,Musica,,Musikk,,Muzyka,,Glasba,,Música,
LIGHT,39892766241579008,,Light,,Licht,,Licht,,Φως,,Luce,,Lys,,Światło,,Svetloba,,Claro,
DARK,39892875138293760,,Dark,,Donker,,Dunkel,,Σκοτεινό,,Buio,,Mørkt,,Ciemny,,Temno,,Oscuro,
SYSTEM,39892914422145024,,System,,Systeem,,System,,Σύστημα,,Sistema,,System,,System,,Sistem,,Sistema,
LANG_NL,39894833018429440,,Dutch,,Nederlands,,Niederländisch,,Ολλανδικά,,Olandese,,nederlandsk,,Holenderski,,nizozemščina,,Holandés,
LANG_EN,39895260770328576,,English,,Engels,,Englisch,,Αγγλικά,,Inglese,,Engelsk,,angielski,,angleščina,,Inglés,
LANG_DE,39895302340075520,,German,,Duits,,Deutsch,,Γερμανικά,,Tedesco,,Tysk,,niemiecki,,nemščina,,Alemán,
LANG_EL,39895357172211712,,Greek,,Grieks,,Griechisch,,Ελληνικά,,Greco,,Gresk,,grecki,,grški,,Griego,
LANG_IT,39895410716696576,,Italian,,Italiaans,,Italienisch,,Ιταλικά,,italiano,,Italiensk,,włoski,,italijanski,,Italiano,
LANG_NO,39895456581410816,,Norwegian,,Noors,,Norwegisch,,Νορβηγικά,,norvegese,,Norsk,,norweski,,norveški,,Noruego,
LANG_PL,39895644041633792,,Polish,,Pools,,Polnisch,,Πολωνικά,,polacco,,polsk,,polski,,poljščina,,Polaco,
LANG_SL,39895706960388096,,Slovenian,,Sloveens,,Slowenisch,,Σλοβενικά,,sloveno,,slovensk,,słoweński,,slovenski,,Esloveno,
LANG_ES,39895724194783232,,Spanish,,Spaans,,Spanisch,,Ισπανικά,,Spagnolo,,Spansk,,hiszpański,,španščina,,Español,
SCALE_SM,39897152762142720,,Small,,Klein,,Klein,,Μικρό,,Piccolo,,Liten,,Mały,,Majhen,,Pequeño,
SCALE_MD,39897194361249792,,Medium,,Medium,,Mittel,,Μεσαίο,,Medio,,Middels,,Średni,,Srednje,,Mediano,
SCALE_LG,39897246425145344,,Large,,Groot,,Groß,,Μεγάλο,,Grande,,Stor,,Duży,,Veliko,,Grande,
ON,39897565464879104,,On,,Op,,Am,,Στις,,Il,,Den,,W dniu,,Na,,Encendido,
OFF,39897588734877696,,Off,,Uit,,Aus,,Απενεργοποίηση,,Spento,,Av,,Wyłączone,,Izklopljeno,,Apagado,
PLAIN,39897610318766080,,Plain,,Gewoon,,Einfach,,Απλό,,Semplice,,Vanlig,,Zwykły,,Preprosto,,Simple,
PATTERN,39897672927141888,,Pattern,,Patroon,,Muster,,Μοτίβο,,Motivo,,Mønster,,Wzór,,Vzorec,,Patrón,
SETTINGS,39898680386379776,,Settings,,Instellingen,,Einstellungen,,Ρυθμίσεις,,Impostazioni,,Innstillinger,,Ustawienia,,Nastavitve,,Configuración,
LOGIN,39903344821526528,,Login,,Inloggen,,Anmelden,,Σύνδεση,,Accedi,,Logg inn,,Zaloguj się,,Prijava,,Iniciar sesión,
REGISTER,39903457170153472,,Register,,Registreren,,Registrieren,,Εγγραφή,,Registrati,,Registrer deg,,Zarejestruj się,,Registriraj se,,Registro,
FORGOT_PASSWORD,39903535817547776,,Forgot Password,,Wachtwoord vergeten,,Passwort vergessen,,Ξεχάσατε τον κωδικό πρόσβασης;,,Password dimenticata,,Glemt passord,,Nie pamiętam hasła,,Pozabljeno geslo,,Olvidé mi contraseña,
ONBOARDING,39903585188700160,,Onboarding,,Onboarding,,Einarbeitung,,Ενσωμάτωση νέων υπαλλήλων,,Inserimento,,Innføring,,Wdrożenie nowych pracowników,,Uvajanje novih zaposlenih,,Incorporación,
EDIT_PROFILE,39906068652875776,,Edit Profile,,Profiel bewerken,,Profil bearbeiten,,Επεξεργασία προφίλ,,Modifica profilo,,Rediger profil,,Edytuj profil,,Uredi profil,,Editar perfil,
EDIT_AVATAR,39906079050555392,,Edit Avatar,,Avatar bewerken,,Avatar bearbeiten,,Επεξεργασία προφίλ,,Modifica avatar,,Rediger avatar,,Edytuj awatar,,Uredi avatar,,Editar avatar,
MANAGE_GROUPS,39906116358889472,,Manage Groups,,Groepen beheren,,Gruppen verwalten,,Διαχείριση ομάδων,,Gestisci i gruppi,,Administrer grupper,,Zarządzaj grupami,,Upravljanje skupin,,Administrar grupos,
VIEW_BADGES,39906149892349952,,View Badges,,Badges bekijken,,Abzeichen anzeigen,,Προβολή διακριτικών,,Visualizza i badge,,Vis merker,,Zobacz odznaki,,Oglej si značke,,Ver insignias,
DELETE_ACCOUNT,39906172642254848,,Delete Account,,Account verwijderen,,Konto löschen,,Διαγραφή λογαριασμού,,Elimina account,,Slett konto,,Usuń konto,,Izbriši račun,,Eliminar cuenta,
LOG_OUT,39906262576521216,,Log out,,Uitloggen,,Abmelden,,Αποσύνδεση,,Esci,,Logg ut,,Wyloguj się,,Odjavi se,,Cerrar sesión,
DAILY_CHALLENGE,39910244942340096,,Daily challenge,,Dagelijkse uitdaging,,Tägliche Herausforderung,,Καθημερινή πρόκληση,,Sfida quotidiana,,Dagens utfordring,,Codzienne wyzwanie,,Dnevni izziv,,Desafío diario,
MISSIONS,39910254861869056,,Missions,,Missies,,Missionen,,Αποστολές,,Missioni,,Oppdrag,,Misje,,Misije,,Misiones,
SHOPPING_LIST,39910298566516736,,Shopping list,,Boodschappenlijstje,,Einkaufsliste,,Λίστα αγορών,,Lista della spesa,,Handleliste,,Lista zakupów,,Seznam nakupov,,Lista de compras,
PANTRY,39910325154209792,,Pantry,,Voorraadkast,,Vorratskammer,,Ντουλάπι τροφίμων,,Dispensa,,Spiskammer,,Spiżarnia,,Shramba,,Despensa,
RECIPE_BOOK,39910356015898624,,Recipe book,,Kookboek,,Kochbuch,,Βιβλίο συνταγών,,Libro di ricette,,Kokebok,,Książka z przepisami,,Kuharska knjiga,,Libro de recetas,
FOOD_WASTE,39910387632562176,,Food waste,,Voedselverspilling,,Lebensmittelverschwendung,,Σπατάλη τροφίμων,,Spreco alimentare,,Matsvinn,,Marnotrawstwo żywności,,Živilske odpadke,,Desperdicio de alimentos,
KNOWLEDGE,39910411816919040,,Knowledge,,Kennis,,Wissen,,Γνώση,,Conoscenza,,Kunnskap,,Wiedza,,Znanje,,Conocimiento,
GLOBAL_COMMUNITY,39910434310971392,,Global community,,Wereldwijde gemeenschap,,Globale Gemeinschaft,,Παγκόσμια κοινότητα,,Comunità globale,,Det globale samfunnet,,Społeczność globalna,,Svetovna skupnost,,Comunidad mundial,
MAP,39910459409686528,,Map,,Kaart,,Karte,,Χάρτης,,Mappa,,Kart,,Mapa,,Zemljevid,,Mapa,
MARK_ALL_AS_READ,39910482159591424,,Mark all as read,,Alles als gelezen markeren,,Alle als gelesen markieren,,Επιλογή «Όλα ως αναγνωσμένα»,,Contrassegna tutto come letto,,Merk alle som lest,,Oznacz wszystko jako przeczytane,,Označi vse kot prebrano,,Marcar todo como leído,
NO_NOTIFICATIONS,39910503894335488,,No notifications,,Geen meldingen,,Keine Benachrichtigungen,,Δεν υπάρχουν ειδοποιήσεις,,Nessuna notifica,,Ingen varsler,,Brak powiadomień,,Ni obvestil,,Sin notificaciones,
HOME_MSG_NIS,39915502649204736,,Your nutritional intelligence status,,Uw voedingsintelligentie,,Ihr Ernährungsintelligenz-Status,,Η κατάσταση της διατροφικής σας ευφυΐας,,Il tuo livello di consapevolezza nutrizionale,,Din ernæringsmessige intelligensstatus,,Twój poziom wiedzy na temat żywienia,,Vaša raven prehranske ozaveščenosti,,Su estado de inteligencia nutricional,
T_B_HEALTH,39915588338835456,,Health,,Gezondheid,,Gesundheit,,Υγεία,,Salute,,Helse,,Zdrowie,,Zdravje,,Salud,
T_B_SUSTAINABILITY,39915847026728960,,Sustainability,,Duurzaamheid,,Nachhaltigkeit,,Βιωσιμότητα,,Sostenibilità,,Bærekraft,,Zrównoważony rozwój,,Trajnost,,Sostenibilidad,
T_B_KNOWLEDGE,39915896439824384,,Knowledge,,Kennis,,Wissen,,Γνώση,,Conoscenza,,Kunnskap,,Wiedza,,Znanje,,Conocimiento,
TODAY,39916671006138368,,Today,,Vandaag,,Heute,,Σήμερα,,Oggi,,I dag,,Dzisiaj,,Danes,,Hoy,
WEEK,39916733786480640,,Week,,Week,,Woche,,Εβδομάδα,,Settimana,,Uke,,Tydzień,,Teden,,Semana,
MONTH,39916761389195264,,Month,,Maand,,Monat,,Μήνας,,Mese,,Måned,,Miesiąc,,Mesec,,Mes,
ME,39916799158902784,,Me,,Ik,,Ich,,Εγώ,,Io,,Meg,,Ja,,Jaz,,Yo,
GROUP,39916808910659584,,Group,,Groep,,Gruppe,,Ομάδα,,Gruppo,,Gruppe,,Grupa,,Skupina,,Grupo,
CREATE_ACCOUNT,40182439656546304,,Create your account,,Maak je account aan,,Erstellen Sie Ihr Konto,,Δημιουργήστε τον λογαριασμό σας,,Crea il tuo account,,Opprett din konto,,Załóż konto,,Ustvarite svoj račun,,Crea tu cuenta,
SELECT_GENDER,40270284408741888,,Gender,,Geslacht,,Geschlecht,,Φύλο,,Genere,,Kjønn,,Płeć,,Spol,,Género,
TXT_COMPLETE_PROFILE_TITLE,40270509588340736,,Complete your profile,,Vul je profiel aan,,Vervollständigen Sie Ihr Profil,,Συμπληρώστε το προφίλ σας,,Completa il tuo profilo,,Fullfør profilen din,,Uzupełnij swój profil,,Dopolnite svoj profil,,Completa tu perfil,
TXT_COMPLETE_PROFILE_MSG,40270634402439168,,This information helps us to tailor your experience,,Deze informatie helpt ons om uw ervaring op maat te maken,,"Diese Informationen helfen uns dabei, Ihr Erlebnis individuell anzupassen",,Αυτές οι πληροφορίες μας βοηθούν να προσαρμόσουμε την εμπειρία σας,,Queste informazioni ci aiutano a personalizzare la tua esperienza,,Denne informasjonen hjelper oss med å tilpasse opplevelsen din,,Te informacje pomagają nam dostosować serwis do Twoich potrzeb,,Te informacije nam pomagajo prilagoditi vašo izkušnjo,,Esta información nos ayuda a personalizar su experiencia,
FORGOT_PASSWORD_EMAIL_SENT,41000000000000001,,Email sent. Check your inbox.,,De e-mail is verzonden. Kijk even in je inbox.,,Die E-Mail wurde gesendet. Bitte sehen Sie in Ihrem Posteingang nach.,,Το email έχει σταλεί. Ελέγξτε τα εισερχόμενά σας.,,L'e-mail è stata inviata. Controlla la tua casella di posta.,,E-posten er sendt. Sjekk innboksen din.,,Wiadomość e-mail została wysłana. Sprawdź swoją skrzynkę odbiorczą.,,E-pošta je bila poslana. Preverite svoj predal za prejete e-pošte.,,Correo electrónico enviado. Revise su bandeja de entrada.,
FORGOT_PASSWORD_ERROR,41000000000000002,,Could not send reset email. Try again.,,De reset-e-mail kon niet worden verzonden. Probeer het nog eens.,,Die E-Mail zum Zurücksetzen konnte nicht gesendet werden. Bitte versuchen Sie es erneut.,,Δεν ήταν δυνατή η αποστολή του email επαναφοράς. Προσπαθήστε ξανά.,,Impossibile inviare l'e-mail di reimpostazione. Riprova.,,Det gikk ikke an å sende e-posten for tilbakestilling. Prøv på nytt.,,Nie udało się wysłać wiadomości e-mail z linkiem do resetowania hasła. Spróbuj ponownie.,,E-poštnega sporočila za ponastavitev ni bilo mogoče poslati. Poskusite znova.,,No se pudo enviar el correo electrónico de restablecimiento. Inténtelo de nuevo.,
ALERT_SUCCESS_TITLE,41000000000000003,,Success,,Succes,,Erfolg,,Επιτυχία,,Successo,,Suksess,,Sukces,,Uspeh,,Éxito,
MEAL_LOG_ADD,41000000000000004,,Log Meal,,Maaltijdregistratie,,Tagesbericht,,Καταγραφή γεύματος,,Pasto del log,,Logg måltid,,Dziennik posiłków,,Zapis obroka,,Registrar comida,
MEAL_SELECTOR,41000000000000005,,Meal,,Maaltijd,,Mahlzeit,,Γεύμα,,Pasto,,Måltid,,Posiłek,,Obrok,,Comida,
SEARCH_MEALS_PLACEHOLDER,41000000000000006,,Search meals...,,Zoek maaltijden...,,Gerichte suchen...,,Αναζήτηση γευμάτων...,,Cerca ricette...,,Søk etter retter...,,Wyszukaj posiłki...,,Iskanje obrokov...,,Buscar comidas,
CREATE_MEAL,41000000000000007,,Create meal,,Maaltijd samenstellen,,Mahlzeit erstellen,,Δημιουργία γεύματος,,Crea un pasto,,Lag et måltid,,Utwórz posiłek,,Ustvari obrok,,Crear comida,
TYPE_OF_MEAL,41000000000000008,,Type of meal,,Soort maaltijd,,Art der Mahlzeit,,Είδος γεύματος,,Tipo di pasto,,Måltidstype,,Rodzaj posiłku,,Vrsta obroka,,Tipo de comida,
FROM_PANTRY,41000000000000009,,From pantry,,Uit de voorraadkast,,Aus der Speisekammer,,Από το ντουλάπι,,Dalla dispensa,,Fra spiskammeret,,Z spiżarni,,Iz shrambe,,De la despensa,
EATEN_OUT,41000000000000010,,Eaten out,,Uit eten geweest,,Auswärts gegessen,,Φάγαμε έξω,,Mangiato fuori,,Spist ute,,Zjedzone na mieście,,Pojedel,,Comido fuera,
DEDUCTION_LABEL,41000000000000011,,Select items to deduct from pantry,,Selecteer artikelen die uit de voorraadkast moeten worden afgeschreven,,"Wählen Sie Artikel aus, die aus der Vorratskammer abgezogen werden sollen",,Επιλέξτε τα είδη που θέλετε να αφαιρέσετε από το ντουλάπι,,Seleziona gli articoli da prelevare dalla dispensa,,Velg varer som skal trekkes fra spiskammeret,,"Wybierz produkty, które chcesz odjąć z zapasów",,"Izberite izdelke, ki jih želite odvzeti iz shrambe",,Seleccione los artículos que desea descontar del inventario,
FOOD_WASTE_ADD,41000000000000013,,Log Waste,,Houtafval,,Holzabfälle,,Απόβλητα κορμών,,Rifiuti di legname,,Avfall fra tømming av logger,,Odpady z kłód,,Odpadni hlodi,,Residuos de madera,
PANTRY_ITEM_LABEL,41000000000000014,,Pantry item,,Voorraadartikel,,Vorratsartikel,,Προϊόν ντουλαπιού,,Prodotto da dispensa,,Matvare,,Produkt spożywczy,,Živila iz shrambe,,Artículo de despensa,
QUANTITY_WASTED,41000000000000015,,Quantity wasted,,Verspilde hoeveelheid,,Verschwendete Menge,,Ποσότητα που πήγε χαμένη,,Quantità sprecata,,Mengde som går til spille,,Ilość zmarnowana,,Količina odpadkov,,Cantidad desperdiciada,
WASTE_REASON_LABEL,41000000000000016,,Waste reason,,Een onzinnige reden,,Unsinniger Grund,,Ανόητος λόγος,,Motivo infondato,,Grunn til avfall,,Bezsensowny powód,,Nesmiselni razlog,,Razón de desperdicio,
DETECTION_METHOD,41000000000000017,,Detection method,,Detectiemethode,,Nachweismethode,,Μέθοδος ανίχνευσης,,Metodo di rilevamento,,Påvisningsmetode,,Metoda wykrywania,,Metoda odkrivanja,,Método de detección,
ESTIMATED_COST,41000000000000018,,Estimated cost (€),,Geschatte kosten (€),,Geschätzte Kosten (€),,Εκτιμώμενο κόστος (€),,Costo stimato (€),,Anslått kostnad (€),,Szacowany koszt (€),,Predvideni stroški (€),,Coste estimado (€),
NOTES,41000000000000019,,Notes,,Opmerkingen,,Anmerkungen,,Σημειώσεις,,Note,,Merknader,,Uwagi,,Opombe,,Notas,
SAVE,41000000000000020,,Save,,Opslaan,,Speichern,,Αποθήκευση,,Salva,,Lagre,,Zapisz,,Shrani,,Guardar,
FILTER_ITEMS,41000000000000021,,Filter items...,,Items filteren...,,Artikel filtern...,,Φιλτράρισμα στοιχείων...,,Filtra gli articoli...,,Filtrer elementer...,,Filtruj pozycje...,,Filtriraj elemente...,,Filtrar elementos...,
MOVE_TO_WASTE,41000000000000022,,Move to waste,,Naar afval,,In den Müll werfen,,Μεταφορά προς τα απορρίμματα,,Spostare nei rifiuti,,Flytt til avfall,,Przenieś do odpadów,,Premakni v odpadke,,Trasladar a la sección de residuos,
PANTRY_EMPTY,41000000000000023,,Your pantry is empty. Tap + to add items.,,Je voorraadkast is leeg. Tik op + om producten toe te voegen.,,"Deine Vorratskammer ist leer. Tippe auf „+“, um Artikel hinzuzufügen.",,Το ντουλάπι σου είναι άδειο. Πάτησε το + για να προσθέσεις προϊόντα.,,La tua dispensa è vuota. Tocca + per aggiungere prodotti.,,Spiskammeret ditt er tomt. Trykk på + for å legge til varer.,,"Twoja spiżarnia jest pusta. Naciśnij +, aby dodać produkty.",,"Tvoja shramba je prazna. Tapni na +, da dodaš izdelke.",,Tu despensa está vacía. Toca el botón + para agregar artículos.,
FOOD_WASTE_TITLE,41000000000000024,,Food Waste,,Voedselverspilling,,Lebensmittelverschwendung,,Σπατάλη τροφίμων,,Spreco alimentare,,Matsvinn,,Marnotrawstwo żywności,,Živilske odpadke,,Desperdicio de alimentos,
WASTE_EMPTY,41000000000000025,,No waste logged yet. Tap + to log waste.,,Er is nog geen afval geregistreerd. Tik op + om afval te registreren.,,"Es wurde noch kein Abfall erfasst. Tippen Sie auf „+“, um Abfall zu erfassen.",,Δεν έχει καταγραφεί ακόμη κανένα απόβλητο. Πατήστε το + για να καταγράψετε απόβλητα.,,Non sono stati registrati rifiuti. Tocca + per registrare i rifiuti.,,Det er ikke registrert noe avfall ennå. Trykk på + for å registrere avfall.,,"Nie zarejestrowano jeszcze żadnych odpadów. Naciśnij +, aby zarejestrować odpady.",,"Odpadki še niso zabeleženi. Kliknite na +, da zabeležite odpadke.",,Aún no se ha registrado ningún residuo. Pulse el botón + para registrar el residuo.,
MEAL_LOG_TITLE,41000000000000026,,Meal Log,,Maaltijdlogboek,,Essensprotokoll,,Ημερολόγιο γευμάτων,,Registro dei pasti,,Måltidslogg,,Dziennik posiłków,,Dnevnik obrokov,,Registro de comidas,
MEAL_LOG_EMPTY,41000000000000027,,No meals logged yet. Tap + to log your first meal.,,Er zijn nog geen maaltijden geregistreerd. Tik op + om je eerste maaltijd te registreren.,,"Es wurden noch keine Mahlzeiten erfasst. Tippe auf „+“, um deine erste Mahlzeit zu erfassen.",,Δεν έχει καταγραφεί ακόμα κανένα γεύμα. Πατήστε το «+» για να καταγράψετε το πρώτο σας γεύμα.,,"Non sono stati registrati ancora pasti. Tocca il segno ""+"" per registrare il tuo primo pasto.",,Det er ikke registrert noen måltider ennå. Trykk på + for å registrere ditt første måltid.,,"Nie zarejestrowano jeszcze żadnych posiłków. Naciśnij „+”, aby zarejestrować swój pierwszy posiłek.",,"Zaenkrat še ni zabeleženih obrokov. Tapnite +, da zabeležite svoj prvi obrok.",,Aún no se han registrado comidas. Toca el botón + para registrar tu primera comida.,
SHOPPING_LISTS_TITLE,41000000000000028,,Shopping Lists,,Boodschappenlijstjes,,Einkaufslisten,,Λίστες αγορών,,Liste della spesa,,Handlelister,,Listy zakupów,,Nakupovalni seznami,,Listas de compras,
SHOPPING_LISTS_EMPTY,41000000000000029,,No shopping lists yet. Tap New List to create one.,,Er zijn nog geen boodschappenlijstjes. Tik op ‘Nieuw lijstje’ om er een aan te maken.,,"Es gibt noch keine Einkaufslisten. Tippen Sie auf „Neue Liste“, um eine zu erstellen.",,Δεν υπάρχουν ακόμα λίστες αγορών. Πατήστε «Νέα λίστα» για να δημιουργήσετε μία.,,"Non ci sono ancora liste della spesa. Tocca ""Nuova lista"" per crearne una.",,Det er ingen handlelister ennå. Trykk på «Ny liste» for å opprette en.,,"Nie ma jeszcze żadnych list zakupów. Kliknij „Nowa lista”, aby ją utworzyć.",,"Seznamov za nakupovanje še ni. Tapnite »Nov seznam«, da ga ustvarite.",,"Aún no hay listas de compras. Toca ""Nueva lista"" para crear una.",
NEW_LIST,41000000000000030,,New List,,Nieuwe lijst,,Neue Liste,,Νέα λίστα,,Nuovo elenco,,Ny liste,,Nowa lista,,Nov seznam,,Nueva lista,
SHOPPING_LIST_DETAIL,41000000000000031,,Shopping List,,Boodschappenlijstje,,Einkaufsliste,,Λίστα αγορών,,Lista della spesa,,Handleliste,,Lista zakupów,,Nakupovalni seznam,,Lista de compras,
CLEAR_DONE,41000000000000032,,Clear done,,Klaar,,Fertig,,Τέλος,,"Fatto, chiaro",,Ferdig,,Gotowe,,"Pojasnjeno, končano",,Completado,
SHOPPING_ITEMS_EMPTY,41000000000000033,,No items yet. Add some products.,,Er zijn nog geen artikelen. Voeg wat producten toe.,,Noch keine Artikel. Fügen Sie einige Produkte hinzu.,,Δεν υπάρχουν ακόμη προϊόντα. Προσθέστε κάποια προϊόντα.,,Non ci sono ancora articoli. Aggiungi qualche prodotto.,,Ingen varer ennå. Legg til noen produkter.,,Jeszcze nie ma żadnych produktów. Dodaj kilka produktów.,,Še ni nobenih izdelkov. Dodajte nekaj izdelkov.,,Aún no hay artículos. Añade algunos productos.,
PANTRY_ITEM_DETAIL,41000000000000034,,Item,,Artikel,,Artikel,,Θέμα,,Articolo,,Vare,,Pozycja,,Izdelek,,Artículo,
QUANTITY,41000000000000035,,Quantity,,Aantal,,Anzahl,,Ποσότητα,,Quantità,,Antall,,Ilość,,Količina,,Cantidad,
UNIT,41000000000000036,,Unit,,Eenheid,,Einheit,,Μονάδα,,Unità,,Enhet,,Jednostka,,Enota,,Unidad,
EXPIRY_DATE,41000000000000038,,Expiry date,,Vervaldatum,,Verfallsdatum,,Ημερομηνία λήξης,,Data di scadenza,,Utløpsdato,,Data ważności,,Rok uporabnosti,,Fecha de caducidad,
DELETE,41000000000000040,,Delete,,Verwijderen,,Löschen,,Διαγραφή,,Elimina,,Slett,,Usuń,,Izbriši,,Eliminar,
SELECT_DEFAULT,41000000000000042,,Select...,,Selecteer...,,Auswählen...,,Επιλογή...,,Seleziona...,,Velg...,,Wybierz...,,Izberi...,,Seleccione...,
SKIP,41000000000000047,,Skip,,Overslaan,,Überspringen,,Παράλειψη,,Salta,,Hopp over,,Pomiń,,Preskoči,,Omitir,
SAVE_CONTINUE,41000000000000048,,Save & continue,,Opslaan en doorgaan,,Speichern und weiter,,Αποθήκευση και συνέχιση,,Salva e continua,,Lagre og fortsett,,Zapisz i kontynuuj,,Shrani in nadaljuj,,Guardar y continuar,
EXIT_NO_SAVE,41000000000000049,,Exit without saving,,Afsluiten zonder op te slaan,,Beenden ohne zu speichern,,Έξοδος χωρίς αποθήκευση,,Esci senza salvare,,Avslutt uten å lagre,,Zamknij bez zapisywania,,Zapri brez shranjevanja,,Salir sin guardar,
CONFIRM,41000000000000050,,Confirm,,Bevestigen,,Bestätigen,,Επιβεβαίωση,,Conferma,,Bekreft,,Potwierdź,,Potrdi,,Confirmar,
HOME_STEPPER_CHOICES,41000000000000051,,"Calories,Carbon footprint,Amount spent,Proteins",,"Calorieën, CO₂-voetafdruk, Uitgaven, Eiwitten",,"Kalorien, CO₂-Fußabdruck, Ausgaben, Proteine",,"Θερμίδες, Ανθρακικό αποτύπωμα, Ποσό που δαπανήθηκε, Πρωτεΐνες",,"Calorie, Impronta di carbonio, Importo speso, Proteine",,"Kalorier, karbonavtrykk, utgifter, proteiner",,"Kalorie, ślad węglowy, wydane kwoty, białka",,"Kalorije, ogljični odtis, porabljeni znesek, beljakovine",,"Calorías, huella de carbono, cantidad gastada, proteínas",
CALORIES_CONSUMED,41000000000000052,,Calories consumed,,Verbruikte calorieën,,Aufgenommene Kalorien,,Καταναλωμένες θερμίδες,,Calorie consumate,,Forbrukte kalorier,,Spalone kalorie,,Porabljene kalorije,,Calorías consumidas,
CALORIES_LEFT,41000000000000053,,Left,,Links,,Links,,Αριστερά,,Sinistra,,Venstre,,W lewo,,Levo,,Izquierda,
CONFIRM_DELETE_MSG,41000000000000054,,"Delete ""{0}""?",,"""{0}"" verwijderen?",,„{0}“ löschen?,,Να διαγραφεί το «{0}»;,,"Eliminare ""{0}""?",,Skal «{0}» slettes?,,Czy chcesz usunąć „{0}”?,,Izbrisati »{0}«?,,"¿Eliminar ""{0}""?",
DELETE_LOG,41000000000000055,,Delete log,,Logboek verwijderen,,Protokoll löschen,,Διαγραφή αρχείου καταγραφής,,Elimina registro,,Slett logg,,Usuń dziennik,,Izbriši dnevnik,,Eliminar registro,
DELETE_LIST,41000000000000056,,Delete list,,Lijst verwijderen,,Liste löschen,,Διαγραφή λίστας,,Elimina elenco,,Slett liste,,Usuń listę,,Izbriši seznam,,Eliminar lista,
DELETE_WASTE,41000000000000057,,Delete waste entry,,Afvalpost verwijderen,,Abfallbuchung löschen,,Διαγραφή εγγραφής αποβλήτων,,Elimina la registrazione dei rifiuti,,Slett avfallsoppføring,,Usuń wpis dotyczący odpadów,,Izbriši vnos o odpadkih,,Eliminar entrada de residuos,
NEW_SHOPPING_LIST,41000000000000058,,New shopping list,,Nieuwe boodschappenlijst,,Neue Einkaufsliste,,Νέα λίστα αγορών,,Nuova lista della spesa,,Ny handleliste,,Nowa lista zakupów,,Nov nakupovalni seznam,,Nueva lista de compras,
RENAME_LIST,41000000000000059,,Rename list,,Lijst met nieuwe namen,,Liste umbenennen,,Λίστα μετονομασίας,,Elenco delle rinominazioni,,Liste over navneendringer,,Lista zmian nazw,,Seznam preimenovanj,,Cambiar el nombre de la lista,
ADD_ITEM,41000000000000060,,Add item,,Item toevoegen,,Artikel hinzufügen,,Προσθήκη στοιχείου,,Aggiungi articolo,,Legg til vare,,Dodaj pozycję,,Dodaj izdelek,,Añadir artículo,
EDIT_ITEM_TITLE,41000000000000061,,Edit: {0},,Bewerk: {0},,Bearbeiten: {0},,Επεξεργασία: {0},,Modifica: {0},,Rediger: {0},,Edytuj: {0},,Uredi: {0},,Editar: {0},
EXPIRED_BANNER,41000000000000062,,1 item expired,,1 artikel is verlopen,,1 Artikel ist abgelaufen,,1 προϊόν έχει λήξει,,1 articolo scaduto,,1 vare har gått ut på dato,,1 pozycja straciła ważność,,1 izdelek je potekel,,1 artículo caducado,
EXPIRED_BANNER_PLURAL,41000000000000063,,{0} items expired,,{0} artikelen zijn verlopen,,{0} Artikel sind abgelaufen,,{0} προϊόντα έληξαν,,{0} articoli scaduti,,{0} varer har gått ut på dato,,{0} pozycji straciło ważność,,{0} izdelkov je potekel rok veljavnosti,,{0} artículos caducados,
ITEMS_MOVED_WASTE,41000000000000064,,{0} item moved to waste,,{0} artikel naar afval verplaatst,,{0} Artikel in den Abfall verschoben,,{0} τεμάχιο μεταφέρθηκε στα απορρίμματα,,{0} articolo trasferito ai rifiuti,,{0} gjenstand er flyttet til avfall,,{0} pozycja przeniesiona do odpadów,,{0} predmet je bil odložen med odpadke,,Se movió {0} elemento a la papelera,
ITEMS_MOVED_WASTE_PLURAL,41000000000000065,,{0} items moved to waste,,{0} stuks zijn naar het afval verplaatst,,{0} Artikel wurden in den Abfall verschoben,,{0} αντικείμενα μεταφέρθηκαν στα απορρίμματα,,{0} articoli destinati allo smaltimento,,{0} gjenstander er flyttet til avfall,,{0} pozycji przeniesiono do odpadów,,{0} predmetov je bilo odloženih med odpadke,,Se movieron {0} elementos a la papelera,
LIST_NAME_PLACEHOLDER,41000000000000066,,List name,,Naam van de lijst,,Name der Liste,,Όνομα λίστας,,Nome dell'elenco,,Navn på listen,,Nazwa listy,,Ime seznama,,Lista de nombres,
QUANTITY_PLACEHOLDER,41000000000000067,,Quantity,,Aantal,,Anzahl,,Ποσότητα,,Quantità,,Antall,,Ilość,,Količina,,Cantidad,
MENU_VIEW,41000000000000068,,View,,Bekijken,,Anzeigen,,Προβολή,,Visualizza,,Vis,,Wyświetl,,Poglej,,Vista,
SELECT_FIRST,41000000000000069,,Select an item first.,,Selecteer eerst een item.,,Wählen Sie zunächst einen Artikel aus.,,Επιλέξτε πρώτα ένα στοιχείο.,,Seleziona prima un articolo.,,Velg først et element.,,Najpierw wybierz produkt.,,Najprej izberite izdelek.,,Seleccione un artículo primero.,
ADD_ITEM_ERROR,41000000000000070,,Could not add the selected item.,,Het geselecteerde item kon niet worden toegevoegd.,,Das ausgewählte Element konnte nicht hinzugefügt werden.,,Δεν ήταν δυνατή η προσθήκη του επιλεγμένου στοιχείου.,,Impossibile aggiungere l'elemento selezionato.,,Det var ikke mulig å legge til det valgte elementet.,,Nie udało się dodać wybranego elementu.,,Izbranega elementa ni bilo mogoče dodati.,,No se pudo agregar el artículo seleccionado.,
MAX_QTY_LABEL,41000000000000071,,Max: {0},,Max: {0},,Max: {0},,Μαξ: {0},,Max: {0},,Max: {0},,Max: {0},,Max: {0},,Max: {0},
CREATE,41000000000000072,,Create,,Aanmaken,,Erstellen,,Δημιουργία,,Crea,,Opprett,,Utwórz,,Ustvari,,Crear,
MOVE_EXPIRED_MSG,41000000000000073,,Move 1 expired item to food waste?,,Mag ik 1 vervallen product bij het voedselafval doen?,,1 abgelaufenen Artikel in den Lebensmittelabfall werfen?,,Να μεταφέρω 1 προϊόν που έχει λήξει στα απορρίμματα τροφίμων;,,Spostare 1 prodotto scaduto nei rifiuti alimentari?,,Skal jeg kaste 1 utgått vare i matavfallet?,,Czy można wyrzucić 1 przeterminowany produkt do pojemnika na odpady spożywcze?,,Ali naj 1 izdelek s pretečenim rokom uporabe odložim med živilski odpadki?,,¿Mover 1 artículo caducado a la basura orgánica?,
MOVE_EXPIRED_MSG_PLURAL,41000000000000074,,Move {0} expired items to food waste?,,{0} verlopen producten naar het voedselafval verplaatsen?,,{0} abgelaufene Artikel in den Lebensmittelabfall geben?,,Να μεταφέρω {0} προϊόντα που έχουν λήξει στα απορρίμματα τροφίμων;,,Spostare {0} articoli scaduti nel contenitore dei rifiuti alimentari?,,Skal {0} utgåtte varer legges i matavfallet?,,Przenieść {0} przeterminowanych produktów do pojemnika na odpady spożywcze?,,Ali naj {0} iztečenih izdelkov prestavim v odpadke iz hrane?,,¿Mover {0} artículos caducados a la categoría de residuos alimentarios?,
THIS_ITEM,41000000000000075,,this item,,dit artikel,,dieser Artikel,,αυτό το προϊόν,,questo articolo,,denne varen,,ten produkt,,ta izdelek,,este artículo,
COULD_NOT_SEARCH_MEALS,41000000000000076,,Could not search meals. Check your connection.,,Het is niet gelukt om maaltijden te zoeken. Controleer je internetverbinding.,,Die Suche nach Gerichten war nicht möglich. Bitte überprüfen Sie Ihre Internetverbindung.,,Δεν ήταν δυνατή η αναζήτηση γευμάτων. Ελέγξτε τη σύνδεσή σας.,,Impossibile cercare i pasti. Controlla la tua connessione.,,Det var ikke mulig å søke etter måltider. Sjekk nettforbindelsen din.,,Nie udało się wyszukać posiłków. Sprawdź połączenie.,,Iskanje obrokov ni uspelo. Preverite svojo internetno povezavo.,,No se pudieron buscar las comidas. Compruebe su conexión.,
ENTER_MEAL_NAME,41000000000000077,,Enter a meal name,,Voer een maaltijdnaam in,,Geben Sie den Namen einer Mahlzeit ein,,Πληκτρολογήστε το όνομα ενός γεύματος,,Inserisci il nome di un piatto,,Skriv inn navnet på et måltid,,Wpisz nazwę posiłku,,Vnesite ime obroka,,Ingrese el nombre de un plato,
COULD_NOT_CREATE_MEAL,41000000000000078,,Could not create meal,,Maaltijd kon niet worden aangemaakt,,Mahlzeit konnte nicht angelegt werden,,Δεν ήταν δυνατή η δημιουργία γεύματος,,Impossibile creare il pasto,,Kunne ikke opprette måltid,,Nie udało się utworzyć posiłku,,Ustvarjanje obroka ni uspelo,,No se pudo crear el menú,
SELECT_MEAL_FIRST,41000000000000079,,Select a meal first,,Kies eerst een maaltijd,,Wählen Sie zuerst eine Mahlzeit aus,,Επιλέξτε πρώτα ένα γεύμα,,Scegli prima un pasto,,Velg et måltid først,,Najpierw wybierz posiłek,,Najprej izberite obrok,,Seleccione primero una comida,
SELECT_MEAL_TYPE,41000000000000080,,Select type of meal,,Kies het soort maaltijd,,Wählen Sie die Art der Mahlzeit aus,,Επιλέξτε τον τύπο γεύματος,,Seleziona il tipo di pasto,,Velg type måltid,,Wybierz rodzaj posiłku,,Izberite vrsto obroka,,Seleccione el tipo de comida,
COULD_NOT_LOG_MEAL,41000000000000081,,Could not log the meal,,De maaltijd kon niet worden geregistreerd,,Die Mahlzeit konnte nicht erfasst werden,,Δεν κατέστη δυνατό να καταγραφεί το γεύμα,,Impossibile registrare il pasto,,Kunne ikke registrere måltidet,,Nie udało się zarejestrować posiłku,,Obroka ni bilo mogoče zabeležiti,,No se pudo registrar la comida,
MEAL_PANTRY_UPDATE_ERROR,41000000000000082,,Meal logged but pantry could not be updated. Please check your pantry items.,,"De maaltijd is geregistreerd, maar de voorraadlijst kon niet worden bijgewerkt. Controleer alstublieft uw voorraadartikelen.",,"Die Mahlzeit wurde erfasst, aber die Vorratsliste konnte nicht aktualisiert werden. Bitte überprüfen Sie Ihre Vorratsartikel.",,"Το γεύμα καταγράφηκε, αλλά δεν ήταν δυνατή η ενημέρωση του ντουλαπιού. Παρακαλώ, ελέγξτε τα είδη του ντουλαπιού σας.",,"Il pasto è stato registrato, ma non è stato possibile aggiornare la dispensa. Si prega di controllare gli articoli presenti nella dispensa.",,"Måltidet er registrert, men matlageret kunne ikke oppdateres. Vennligst sjekk varene i matlageret ditt.",,"Posiłek został zarejestrowany, ale nie udało się zaktualizować zawartości spiżarni. Sprawdź proszę zawartość swojej spiżarni.",,"Obrok je bil zabeležen, vendar shrambe ni bilo mogoče posodobiti. Preverite, kaj imate v shrambi.",,"Comida registrada, pero no se pudo actualizar la despensa. Por favor, revise los artículos de su despensa.",
ERROR_LOADING_MEAL_LOG,41000000000000083,,Error loading meal log,,Fout bij het laden van het maaltijdlogboek,,Fehler beim Laden des Ernährungsprotokolls,,Σφάλμα κατά τη φόρτωση του ημερολογίου γευμάτων,,Errore durante il caricamento del registro dei pasti,,Feil ved innlasting av måltidslogg,,Wystąpił błąd podczas wczytywania dziennika posiłków,,Napaka pri nalaganju dnevnika obrokov,,Error al cargar el registro de comidas,
SELECT_PANTRY_FIRST,41000000000000084,,Select a pantry item first,,Kies eerst een product uit de voorraadkast,,Wählen Sie zunächst ein Produkt aus dem Vorratsschrank aus,,Επιλέξτε πρώτα ένα προϊόν από το ντουλάπι,,Scegli prima un prodotto da dispensa,,Velg først en vare fra spiskammeret,,Najpierw wybierz produkt spożywczy,,Najprej izberite izdelek iz shrambe,,Seleccione primero un artículo de la despensa,
QTY_MUST_BE_POSITIVE,41000000000000085,,Quantity must be greater than 0,,Het aantal moet groter zijn dan 0,,Die Menge muss größer als 0 sein,,Η ποσότητα πρέπει να είναι μεγαλύτερη από 0,,La quantità deve essere maggiore di 0,,Antallet må være større enn 0,,Ilość musi być większa od 0,,Količina mora biti večja od 0,,La cantidad debe ser mayor que 0,
COULD_NOT_SAVE_WASTE,41000000000000086,,Could not save waste entry,,Het afvalbericht kon niet worden opgeslagen,,Der Abfall-Eintrag konnte nicht gespeichert werden,,Δεν ήταν δυνατή η αποθήκευση της εγγραφής αποβλήτων,,Impossibile salvare la voce relativa ai rifiuti,,Kunne ikke lagre avfallsoppføringen,,Nie udało się zapisać wpisu dotyczącego odpadów,,Vnosa o odpadkih ni bilo mogoče shraniti,,No se pudo guardar la entrada de residuos,
COULD_NOT_REFRESH_CACHED,41000000000000087,,Could not refresh. Showing cached data.,,Kan niet vernieuwen. Er worden gegevens uit de cache weergegeven.,,Die Aktualisierung ist fehlgeschlagen. Es werden zwischengespeicherte Daten angezeigt.,,Δεν ήταν δυνατή η ανανέωση. Εμφανίζονται δεδομένα από την προσωρινή μνήμη.,,Impossibile aggiornare. Vengono visualizzati i dati memorizzati nella cache.,,Kunne ikke oppdatere. Viser data fra hurtigbufferen.,,Nie udało się odświeżyć strony. Wyświetlane są dane z pamięci podręcznej.,,Osvežitev ni uspela. Prikazujejo se podatki iz predpomnilnika.,,No se pudo actualizar. Se muestra la información almacenada en caché.,
ERROR_LOADING_WASTE_LOG,41000000000000088,,Error loading food waste log,,Fout bij het laden van het logboek voor voedselafval,,Fehler beim Laden des Lebensmittelabfallprotokolls,,Σφάλμα κατά τη φόρτωση του αρχείου καταγραφής απορριμμάτων τροφίμων,,Errore durante il caricamento del registro degli scarti alimentari,,Feil ved innlasting av matavfallsloggen,,Wystąpił błąd podczas wczytywania dziennika odpadów spożywczych,,Napaka pri nalaganju dnevnika o živilskih odpadkih,,Error al cargar el registro de residuos alimentarios,
COULD_NOT_LOAD_ITEM,41000000000000089,,Could not load item,,Het item kon niet worden geladen,,Element konnte nicht geladen werden,,Δεν ήταν δυνατή η φόρτωση του στοιχείου,,Impossibile caricare l'elemento,,Kunne ikke laste inn varen,,Nie udało się załadować elementu,,Elementa ni bilo mogoče naložiti,,No se pudo cargar el elemento,
COULD_NOT_SAVE_ITEM,41000000000000090,,Could not save item,,Het item kon niet worden opgeslagen,,Element konnte nicht gespeichert werden,,Δεν ήταν δυνατή η αποθήκευση του στοιχείου,,Impossibile salvare l'elemento,,Kunne ikke lagre elementet,,Nie udało się zapisać elementu,,Elementa ni bilo mogoče shraniti,,No se pudo guardar el elemento,
ERROR_LOADING_PANTRY,41000000000000091,,Error loading pantry,,Fout bij het laden van de voorraadkast,,Fehler beim Laden der Vorratskammer,,Σφάλμα κατά τη φόρτωση του «pantry»,,Errore durante il caricamento della dispensa,,Feil ved innlasting av pantry,,Wystąpił błąd podczas wczytywania zawartości spiżarni,,Napaka pri nalaganju shrambe,,Error al cargar la despensa,
FAILED_IMPORT_FOOD,41000000000000092,,Failed to import food: {0},,Het importeren van voedsel is mislukt: {0},,Der Import der Lebensmittel ist fehlgeschlagen: {0},,Αποτυχία εισαγωγής τροφής: {0},,Impossibile importare il cibo: {0},,Det gikk ikke å importere mat: {0},,Nie udało się zaimportować jedzenia: {0},,Uvoz hrane ni uspel: {0},,No se pudo importar el alimento: {0},
COULD_NOT_ADD_ITEM_MISSING,41000000000000093,,Could not add item: the product may be missing required data,,Het artikel kon niet worden toegevoegd: mogelijk ontbreken er verplichte gegevens bij het product,,Artikel konnte nicht hinzugefügt werden: Dem Produkt fehlen möglicherweise erforderliche Angaben,,Δεν ήταν δυνατή η προσθήκη του προϊόντος: ενδέχεται να λείπουν απαραίτητα στοιχεία από το προϊόν,,Impossibile aggiungere l'articolo: potrebbero mancare alcuni dati obbligatori relativi al prodotto,,Kunne ikke legge til varen: det kan være at produktet mangler nødvendige opplysninger,,Nie udało się dodać pozycji: w produkcie mogą brakować wymaganych danych,,Izdelka ni bilo mogoče dodati: morda manjkajo potrebni podatki o izdelku,,No se pudo agregar el artículo: es posible que falten datos obligatorios en el producto,
COULD_NOT_ADD_CATEGORY_ITEM,41000000000000094,,Could not add category item,,Het was niet mogelijk om een categorie-item toe te voegen,,Kategorieeintrag konnte nicht hinzugefügt werden,,Δεν ήταν δυνατή η προσθήκη στοιχείου κατηγορίας,,Impossibile aggiungere la voce alla categoria,,Kunne ikke legge til et kategorielement,,Nie udało się dodać pozycji do kategorii,,Element kategorije ni bilo mogoče dodati,,No se pudo agregar el elemento de la categoría,
AUTO_DETECTED_EXPIRED,41000000000000095,,Auto-detected expired item,,Automatisch gedetecteerd verlopen item,,Automatisch erkannter abgelaufener Artikel,,Στοιχείο που έχει λήξει και εντοπίστηκε αυτόματα,,Articolo scaduto rilevato automaticamente,,Automatisk oppdaget utløpt element,,"Automatycznie wykryty element, którego termin ważności upłynął",,Samodejno zaznan iztekel izdelek,,Artículo caducado detectado automáticamente,
INVALID_SHOPPING_LIST,41000000000000096,,Invalid shopping list,,Ongeldige boodschappenlijst,,Ungültige Einkaufsliste,,Μη έγκυρη λίστα αγορών,,Lista della spesa non valida,,Ugyldig handleliste,,Nieprawidłowa lista zakupów,,Neveljaven nakupovalni seznam,,Lista de compras no válida,
COULD_NOT_LOAD_ITEMS,41000000000000097,,Could not load items,,Items konden niet worden geladen,,Die Elemente konnten nicht geladen werden,,Δεν ήταν δυνατή η φόρτωση των στοιχείων,,Impossibile caricare gli articoli,,Kunne ikke laste inn varene,,Nie udało się załadować elementów,,Elementov ni bilo mogoče naložiti,,No se pudieron cargar los elementos,
COULD_NOT_SEARCH_PRODUCTS,41000000000000098,,Could not search products,,Er konden geen producten worden gevonden,,Produkte konnten nicht gefunden werden,,Δεν ήταν δυνατή η αναζήτηση προϊόντων,,Impossibile cercare i prodotti,,Kunne ikke søke etter produkter,,Nie udało się wyszukać produktów,,Iskanje izdelkov ni uspelo,,No se pudieron encontrar productos,
COULD_NOT_ADD_LIST_ITEM,41000000000000099,,Could not add the item,,Het artikel kon niet worden toegevoegd,,Der Artikel konnte nicht hinzugefügt werden,,Δεν ήταν δυνατή η προσθήκη του στοιχείου,,Impossibile aggiungere l'articolo,,Det var ikke mulig å legge til varen,,Nie udało się dodać pozycji,,Elementa ni bilo mogoče dodati,,No se pudo agregar el artículo,
COULD_NOT_IMPORT_PRODUCT,41000000000000100,,Could not import the selected product,,Het geselecteerde product kon niet worden geïmporteerd,,Das ausgewählte Produkt konnte nicht importiert werden,,Δεν ήταν δυνατή η εισαγωγή του επιλεγμένου προϊόντος,,Impossibile importare il prodotto selezionato,,Det var ikke mulig å importere det valgte produktet,,Nie udało się zaimportować wybranego produktu,,Izbranega izdelka ni bilo mogoče uvoziti,,No se pudo importar el producto seleccionado,
COULD_NOT_ADD_TO_LIST,41000000000000101,,Could not add the item to the list,,Het item kon niet aan de lijst worden toegevoegd,,Der Eintrag konnte nicht zur Liste hinzugefügt werden,,Δεν ήταν δυνατή η προσθήκη του στοιχείου στη λίστα,,Impossibile aggiungere l'elemento all'elenco,,Det var ikke mulig å legge til elementet i listen,,Nie udało się dodać pozycji do listy,,Elementa ni bilo mogoče dodati na seznam,,No se pudo agregar el artículo a la lista,
COULD_NOT_UPDATE_LIST_ITEM,41000000000000102,,Could not update the item,,Het item kon niet worden bijgewerkt,,Der Eintrag konnte nicht aktualisiert werden,,Δεν ήταν δυνατή η ενημέρωση του στοιχείου,,Impossibile aggiornare l'elemento,,Det var ikke mulig å oppdatere elementet,,Nie udało się zaktualizować pozycji,,Elementa ni bilo mogoče posodobiti,,No se pudo actualizar el elemento,
COULD_NOT_DELETE_LIST_ITEM,41000000000000103,,Could not delete the item,,Het item kon niet worden verwijderd,,Das Element konnte nicht gelöscht werden,,Δεν ήταν δυνατή η διαγραφή του στοιχείου,,Impossibile eliminare l'elemento,,Det var ikke mulig å slette elementet,,Nie udało się usunąć elementu,,Elementa ni bilo mogoče izbrisati,,No se pudo eliminar el elemento,
COULD_NOT_CLEAR_ITEMS,41000000000000104,,Could not clear completed items,,Voltooide items konden niet worden gewist,,Abgeschlossene Elemente konnten nicht gelöscht werden,,Δεν ήταν δυνατή η διαγραφή των ολοκληρωμένων στοιχείων,,Impossibile cancellare le voci completate,,Kunne ikke slette fullførte oppgaver,,Nie udało się usunąć zakończonych pozycji,,Zaključenih elementov ni bilo mogoče izbrisati,,No se pudieron eliminar los elementos completados,
ERROR_LOADING_LISTS,41000000000000105,,Error loading lists,,Fout bij het laden van lijsten,,Fehler beim Laden der Listen,,Σφάλμα κατά τη φόρτωση των λιστών,,Errore durante il caricamento degli elenchi,,Feil ved innlasting av lister,,Wystąpił błąd podczas wczytywania list,,Napaka pri nalaganju seznamov,,Error al cargar las listas,
LIST_NAME_REQUIRED,41000000000000106,,List name is required,,De naam van de lijst is verplicht,,Der Name der Liste ist erforderlich,,Το όνομα της λίστας είναι υποχρεωτικό,,Il nome della lista è obbligatorio,,Navnet på listen er obligatorisk,,Nazwa listy jest wymagana,,Ime seznama je obvezno,,El nombre de la lista es obligatorio,
COULD_NOT_CREATE_LIST,41000000000000107,,Could not create the list,,De lijst kon niet worden aangemaakt,,Die Liste konnte nicht erstellt werden,,Δεν ήταν δυνατή η δημιουργία της λίστας,,Impossibile creare l'elenco,,Det var ikke mulig å opprette listen,,Nie udało się utworzyć listy,,Seznama ni bilo mogoče ustvariti,,No se pudo crear la lista,
COULD_NOT_DELETE_LIST,41000000000000108,,Could not delete the list,,De lijst kon niet worden verwijderd,,Die Liste konnte nicht gelöscht werden,,Δεν ήταν δυνατή η διαγραφή της λίστας,,Impossibile eliminare l'elenco,,Det var ikke mulig å slette listen,,Nie udało się usunąć listy,,Seznama ni bilo mogoče izbrisati,,No se pudo eliminar la lista,
INVITE_CODE_REQUIRED,41000000000000109,,Invite code is required,,Een uitnodigingscode is vereist,,Ein Einladungscode ist erforderlich,,Απαιτείται κωδικός πρόσκλησης,,È necessario un codice di invito,,Det kreves en invitasjonskode,,Wymagany jest kod zaproszeniowy,,Potrebna je koda za povabilo,,Se requiere un código de invitación,
INVALID_INVITE_CODE,41000000000000110,,Invalid invite code or already a member,,Ongeldige uitnodigingscode of je bent al lid,,Ungültiger Einladungscode oder bereits Mitglied,,Ο κωδικός πρόσκλησης δεν είναι έγκυρος ή είστε ήδη μέλος,,Codice di invito non valido o sei già iscritto,,"Ugyldig invitasjonskode, eller du er allerede medlem",,Nieprawidłowy kod zaproszenia lub jesteś już członkiem,,Neveljavna koda za povabilo ali ste že član,,Código de invitación no válido o ya es miembro,
GROUP_NAME_REQUIRED,41000000000000111,,Name is required,,Naam is verplicht,,Der Name ist ein Pflichtfeld,,Το όνομα είναι υποχρεωτικό,,Il nome è obbligatorio,,Navn er obligatorisk,,Pole „Imię” jest obowiązkowe,,Ime je obvezno,,El nombre es obligatorio,
ERROR_CREATING_GROUP,41000000000000112,,Error creating group,,Fout bij het aanmaken van een groep,,Fehler beim Erstellen der Gruppe,,Σφάλμα κατά τη δημιουργία ομάδας,,Errore durante la creazione del gruppo,,Feil ved opprettelse av gruppe,,Błąd podczas tworzenia grupy,,Napaka pri ustvarjanju skupine,,Error al crear el grupo,
ERROR_LOADING_GROUPS,41000000000000113,,Error loading groups,,Fout bij het laden van groepen,,Fehler beim Laden der Gruppen,,Σφάλμα κατά τη φόρτωση των ομάδων,,Errore durante il caricamento dei gruppi,,Feil ved innlasting av grupper,,Wystąpił błąd podczas wczytywania grup,,Napaka pri nalaganju skupin,,Error al cargar los grupos,
LOGIN_FAILED,41000000000000114,,Login failed. Please try again.,,Inloggen is mislukt. Probeer het nog eens.,,Die Anmeldung ist fehlgeschlagen. Bitte versuchen Sie es erneut.,,"Η σύνδεση απέτυχε. Παρακαλώ, δοκιμάστε ξανά.",,Accesso non riuscito. Riprova.,,Innloggingen mislyktes. Prøv på nytt.,,Logowanie nie powiodło się. Spróbuj ponownie.,,Prijava ni uspela. Poskusite še enkrat.,,"El inicio de sesión falló. Por favor, inténtelo de nuevo.",
ACCEPT_TERMS,41000000000000115,,I accept the Terms and Conditions,,Ik ga akkoord met de Algemene Voorwaarden,,Ich akzeptiere die Allgemeinen Geschäftsbedingungen,,Αποδέχομαι τους Όρους και Προϋποθέσεις,,Accetto i Termini e le Condizioni,,Jeg godtar vilkårene og betingelsene,,Akceptuję Warunki korzystania z serwisu,,Soglašam s pogoji uporabe,,Acepto los Términos y condiciones,
LOADING_DATA,41000000000000116,,Loading data...,,Gegevens worden geladen...,,Daten werden geladen...,,Φόρτωση δεδομένων...,,Caricamento dati in corso...,,Laster inn data...,,Ładowanie danych...,,Nalaganje podatkov...,,Cargando datos...,
COULD_NOT_LOAD_DATA,41000000000000117,,Could not load data. Please try again.,,De gegevens konden niet worden geladen. Probeer het nog eens.,,Die Daten konnten nicht geladen werden. Bitte versuchen Sie es erneut.,,Δεν ήταν δυνατή η φόρτωση των δεδομένων. Παρακαλώ δοκιμάστε ξανά.,,Impossibile caricare i dati. Riprovare.,,Det gikk ikke å laste inn dataene. Prøv på nytt.,,Nie udało się załadować danych. Spróbuj ponownie.,,Podatkov ni bilo mogoče naložiti. Poskusite še enkrat.,,"No se pudieron cargar los datos. Por favor, inténtelo de nuevo.",
ERROR_LOADING_DATA,41000000000000118,,Error loading data.,,Fout bij het laden van gegevens.,,Fehler beim Laden der Daten.,,Σφάλμα κατά τη φόρτωση των δεδομένων.,,Errore durante il caricamento dei dati.,,Det oppstod en feil ved innlasting av data.,,Wystąpił błąd podczas ładowania danych.,,Pri nalaganju podatkov je prišlo do napake.,,Error al cargar los datos.,
COULD_NOT_SAVE_PROFILE,41000000000000119,,Could not save profile. Please try again.,,Het profiel kon niet worden opgeslagen. Probeer het nog eens.,,Das Profil konnte nicht gespeichert werden. Bitte versuchen Sie es erneut.,,"Δεν ήταν δυνατή η αποθήκευση του προφίλ. Παρακαλώ, δοκιμάστε ξανά.",,Impossibile salvare il profilo. Riprova.,,Det gikk ikke an å lagre profilen. Prøv på nytt.,,Nie udało się zapisać profilu. Spróbuj ponownie.,,Profila ni bilo mogoče shraniti. Poskusite še enkrat.,,"No se pudo guardar el perfil. Por favor, inténtelo de nuevo.",
UNEXPECTED_ERROR,41000000000000120,,Unexpected error. Please try again.,,Onverwachte fout. Probeer het nog eens.,,Unerwarteter Fehler. Bitte versuchen Sie es erneut.,,"Απροσδόκητο σφάλμα. Παρακαλώ, δοκιμάστε ξανά.",,Errore imprevisto. Riprova.,,Uventet feil. Prøv på nytt.,,Wystąpił nieoczekiwany błąd. Spróbuj ponownie.,,Nepričakovana napaka. Poskusite še enkrat.,,"Error inesperado. Por favor, inténtelo de nuevo.",
UNEXPECTED_ERROR_OCCURRED,41000000000000121,,An unexpected error occurred,,Er is een onverwachte fout opgetreden,,Es ist ein unerwarteter Fehler aufgetreten.,,Παρουσιάστηκε ένα απροσδόκητο σφάλμα,,Si è verificato un errore imprevisto,,Det oppstod en uventet feil,,Wystąpił nieoczekiwany błąd,,Prišlo je do nepričakovane napake,,Se produjo un error inesperado,
CANNOT_ADD_PRODUCT,41000000000000122,,Could not add: {0},,Kon niet toevoegen: {0},,Konnte nicht hinzugefügt werden: {0},,Δεν ήταν δυνατή η προσθήκη: {0},,Impossibile aggiungere: {0},,Kunne ikke legge til: {0},,Nie udało się dodać: {0},,Dodajanje ni uspelo: {0},,No se pudo agregar: {0},
UNKNOWN,41000000000000123,,Unknown,,Onbekend,,Unbekannt,,Άγνωστο,,Sconosciuto,,Ukjent,,Nieznane,,Neznano,,Desconocido,
TYPE_BREAKFAST,7590946791424,,Breakfast,,Ontbijt,,Frühstück,,Πρωινό,,Colazione,,Frokost,,Śniadanie,,Zajtrk,,Desayuno,
TYPE_LUNCH,7590950985728,,Lunch,,Lunch,,Mittagessen,,Μεσημεριανό γεύμα,,Pranzo,,Lunsj,,Obiad,,Kosilo,,almuerzo,
TYPE_DINNER,7590950985729,,Dinner,,Avondeten,,Abendessen,,Δείπνο,,Cena,,Middag,,Kolacja,,Večerja,,Cena,
TYPE_SNACK,7590950985730,,Snack,,Snack,,Snack,,Σνακ,,Spuntino,,Snacks,,Przekąska,,Prigrizek,,Bocadillo,
TYPE_DRINKS,7590950985731,,Drinks,,Drankjes,,Getränke,,Ποτά,,Bevande,,Drikkevarer,,Napoje,,Pijače,,Bebidas,
TYPE_OTHER,7590950985732,,Other,,Overige,,Sonstiges,,Άλλα,,Altro,,Annet,,Inne,,Drugo,,Otro,
REASON_EXPIRED,7590950985733,,Expired,,Verlopen,,Abgelaufen,,Έχει λήξει,,Scaduto,,Utløpt,,Wygasło,,Potekel,,Caducado,
REASON_SPOILED,7590950985734,,Spoiled,,Verwend,,Verwöhnt,,Χαλασμένο,,Viziato,,Bortskjemt,,Rozpieszczony,,Razvajen,,malcriado,
REASON_OVERCOOKED,7590950985735,,Overcooked,,Overcooked,,Überkocht,,Υπερβολικά μαγειρεμένο,,Cotto troppo,,Overkokt,,Przegotowane,,Prekuhano,,Pasado de cocción,
REASON_UNWANTED,7590950985736,,Unwanted,,Ongewenst,,Unerwünscht,,Ανεπιθύμητο,,Indesiderato,,Uønsket,,Niechciane,,Nezaželeno,,No deseado,
REASON_PORTION_LARGE,7590950985737,,Portion too large,,Portie te groot,,Die Portion ist zu groß,,Η μερίδα είναι πολύ μεγάλη,,Porzione troppo abbondante,,Porsjonen er for stor,,Porcja jest za duża,,Porcija je prevelika,,La porción es demasiado grande,
REASON_OTHER,7590950985738,,Other,,Overige,,Sonstiges,,Άλλα,,Altro,,Annet,,Inne,,Drugo,,Otro,
DETECT_AUTOMATIC,7590950985739,,Automatic,,Automatisch,,Automatisch,,Αυτόματο,,Automatico,,Automatisk,,Automatyczny,,Avtomatski,,Automático,
DETECT_MANUAL,7590950985740,,Manual,,Handleiding,,Handbuch,,Εγχειρίδιο,,Manuale,,Bruksanvisning,,Instrukcja obsługi,,Navodila,,Manual,
LOC_FRIDGE,7590950985747,,Fridge,,Koelkast,,Kühlschrank,,Ψυγείο,,Frigorifero,,Kjøleskap,,Lodówka,,Hladilnik,,Refrigerador,
LOC_FREEZER,7590950985748,,Freezer,,Diepvriezer,,Gefrierschrank,,Καταψύκτης,,Congelatore,,Fryser,,Zamrażarka,,Zamrzovalnik,,Congelador,
LOC_PANTRY_SHELF,7590950985749,,Pantry shelf,,Voorraadplank,,Regal in der Speisekammer,,Ράφι ντουλαπιού,,Ripiano della dispensa,,Hyllen i spiskammeret,,Półka w spiżarni,,Polica v shrambi,,Estante de despensa,
LOC_COUNTERTOP,7590950985750,,Countertop,,Werkblad,,Arbeitsplatte,,Πάγκος κουζίνας,,Piano di lavoro,,Benkeplate,,Blat,,Pult,,Encimera,
LOC_CUPBOARD,7590950985751,,Cupboard,,Kast,,Schrank,,Ντουλάπι,,Credenza,,Skap,,Szafka,,Omara,,Armario,
LOADING_LOCALIZATIONS,7590950985752,,Loading localizations...,,Lokalisaties worden geladen...,,Lokalisierungen werden geladen...,,Φόρτωση μεταφράσεων...,,Caricamento delle localizzazioni in corso...,,Laster inn oversettelser...,,Ładowanie lokalizacji...,,Nalaganje prevodov...,,Cargando las traducciones...,
LOADING_UI,7590950985753,,Loading UI...,,UI wordt geladen...,,Benutzeroberfläche wird geladen...,,Φόρτωση διεπαφής χρήστη...,,Caricamento dell'interfaccia utente in corso...,,Laster brukergrensesnittet...,,Ładowanie interfejsu użytkownika...,,Nalaganje uporabniškega vmesnika...,,Cargando la interfaz de usuario...,
SEARCH_PLACEHOLDER,7590950985754,,Search...,,Zoeken...,,Suchen...,,Αναζήτηση...,,Cerca...,,Søk...,,Wyszukaj...,,Iskanje...,,Buscar...,
ADD_ITEM_TITLE,7590950985755,,Add item,,Item toevoegen,,Artikel hinzufügen,,Προσθήκη στοιχείου,,Aggiungi articolo,,Legg til vare,,Dodaj pozycję,,Dodaj izdelek,,Agregar artículo,
GROUPS_TITLE,7590950986000,,Groups,,Groepen,,Gruppen,,Ομάδες,,Gruppi,,Grupper,,Grupy,,Skupine,,Grupos,
NO_GROUPS_YET,7590950986001,,No groups yet.,,Nog geen groepen.,,Noch keine Gruppen.,,Δεν υπάρχουν ακόμη ομάδες.,,Non ci sono ancora gruppi.,,Ingen grupper ennå.,,Nie ma jeszcze żadnych grup.,,Zaenkrat še ni nobenih skupin.,,Aún no hay grupos.,
CREATE_GROUP,7590950986002,,Create Group,,Groep aanmaken,,Gruppe erstellen,,Δημιουργία ομάδας,,Crea gruppo,,Opprett gruppe,,Utwórz grupę,,Ustvari skupino,,Crear grupo,
JOIN_GROUP,7590950986003,,Join Group,,Word lid van de groep,,Der Gruppe beitreten,,Εγγραφή στην ομάδα,,Entra nel gruppo,,Bli med i gruppen,,Dołącz do grupy,,Pridruži se skupini,,Únete al grupo,
GROUP_NAME_LABEL,7590950986004,,Group Name,,Groepsnaam,,Gruppenname,,Όνομα ομάδας,,Nome del gruppo,,Gruppenavn,,Nazwa grupy,,Ime skupine,,Nombre del grupo,
GROUP_DESC_LABEL,7590950986005,,Description (optional),,Beschrijving (optioneel),,Beschreibung (optional),,Περιγραφή (προαιρετικό),,Descrizione (facoltativa),,Beskrivelse (valgfritt),,Opis (opcjonalnie),,Opis (neobvezno),,Descripción (opcional),
CREATE_OR_JOIN,7590950986006,,Create or Join Group,,Een groep aanmaken of lid worden van een groep,,Gruppe erstellen oder einer Gruppe beitreten,,Δημιουργία ή συμμετοχή σε ομάδα,,Crea o unisciti a un gruppo,,Opprett eller bli med i en gruppe,,Utwórz grupę lub dołącz do niej,,Ustvari ali se pridruži skupini,,Crear o unirse a un grupo,
INVITE_CODE_LABEL,7590950986007,,Invite Code,,Uitnodigingscode,,Einladungscode,,Κωδικός πρόσκλησης,,Codice invito,,Invitasjonskode,,Kod zaproszeniowy,,Koda za povabilo,,Código de invitación,
JOINING,7590950986008,,Joining...,,Word lid...,,Beitritt...,,Σύνδεση...,,Connessione in corso...,,Kobler til...,,Łączenie się...,,Pridružujem se...,,Uniéndome...,
GROUP_MEMBERS,7590950986009,,Members,,Leden,,Mitglieder,,Μέλη,,Membri,,Medlemmer,,Członkowie,,Člani,,Miembros,
INVITE_CODE_SECTION,7590950986010,,Invite Code,,Uitnodigingscode,,Einladungscode,,Κωδικός πρόσκλησης,,Codice invito,,Invitasjonskode,,Kod zaproszeniowy,,Koda za povabilo,,Código de invitación,
COPY_CODE,7590950986011,,Copy Code,,Code kopiëren,,Code kopieren,,Αντιγραφή κώδικα,,Copia il codice,,Kopier koden,,Skopiuj kod,,Kopiraj kodo,,Copiar código,
REGENERATE_CODE,7590950986012,,Regenerate,,Opnieuw genereren,,Regenerieren,,Αναγέννηση,,Rigenerare,,Gjenopprett,,Odtwórz,,Obnovi,,Regenerar,
LEAVE_GROUP,7590950986013,,Leave Group,,Groep verlaten,,Gruppe verlassen,,Έξοδος από την ομάδα,,Esci dal gruppo,,Forlat gruppen,,Opuść grupę,,Zapusti skupino,,Salir del grupo,
DELETE_GROUP,7590950986014,,Delete Group,,Groep verwijderen,,Gruppe löschen,,Διαγραφή ομάδας,,Elimina gruppo,,Slett gruppe,,Usuń grupę,,Izbriši skupino,,Eliminar grupo,
ADD_MEMBER,7590950986015,,Add Member,,Lid toevoegen,,Mitglied hinzufügen,,Προσθήκη μέλους,,Aggiungi membro,,Legg til medlem,,Dodaj członka,,Dodaj člana,,Agregar miembro,
MAKE_ADMIN,7590950986016,,Make Admin,,Beheerder aanmaken,,Als Administrator festlegen,,Ορισμός διαχειριστή,,Diventa amministratore,,Bli administrator,,Zostań administratorem,,Postani administrator,,Convertir en administrador,
CONFIRM_LEAVE_GROUP,7590950986017,,Are you sure you want to leave this group?,,Weet je zeker dat je deze groep wilt verlaten?,,Möchtest du diese Gruppe wirklich verlassen?,,Είσαι σίγουρος ότι θέλεις να αποχωρήσεις από αυτήν την ομάδα;,,Sei sicuro di voler uscire da questo gruppo?,,Er du sikker på at du vil forlate denne gruppen?,,Czy na pewno chcesz opuścić tę grupę?,,"Ali ste prepričani, da želite zapustiti to skupino?",,¿Está seguro de que desea salir de este grupo?,
CONFIRM_DELETE_GROUP,7590950986018,,Are you sure you want to delete this group?,,Weet je zeker dat je deze groep wilt verwijderen?,,Möchten Sie diese Gruppe wirklich löschen?,,Είσαι σίγουρος ότι θέλεις να διαγράψεις αυτήν την ομάδα;,,Sei sicuro di voler eliminare questo gruppo?,,Er du sikker på at du vil slette denne gruppen?,,Czy na pewno chcesz usunąć tę grupę?,,"Ali ste prepričani, da želite to skupino izbrisati?",,¿Está seguro de que desea eliminar este grupo?,
ADMIN_BADGE,7590950986019,,Admin,,Beheerder,,Admin,,Διαχειριστής,,Amministratore,,Admin,,Admin,,Upravitelj,,Administrador,
VIRTUAL_MEMBER_BADGE,7590950986020,,Virtual,,Virtueel,,Virtuell,,Εικονικό,,Virtuale,,Virtuell,,Wirtualny,,Virtualno,,Virtual,
MEMBER_NAME,7590950986021,,Name,,Naam,,Name,,Όνομα,,Nome,,Navn,,Imię i nazwisko,,Ime,,Nombre,
MEMBER_YEAR_OF_BIRTH,7590950986022,,Year of birth,,Geboortejaar,,Geburtsjahr,,Έτος γέννησης,,Anno di nascita,,Fødselsår,,Rok urodzenia,,Leto rojstva,,Año de nacimiento,
ADD_VIRTUAL_MEMBER,7590950986023,,Add Virtual Member,,Virtueel lid toevoegen,,Virtuelles Mitglied hinzufügen,,Προσθήκη εικονικού μέλους,,Aggiungi membro virtuale,,Legg til virtuelt medlem,,Dodaj wirtualnego członka,,Dodaj virtualnega člana,,Agregar miembro virtual,
ONBOARDING_GROUPS_TITLE,7590950986024,,Groups,,Groepen,,Gruppen,,Ομάδες,,Gruppi,,Grupper,,Grupy,,Skupine,,grupos,
ONBOARDING_GROUPS_SUBTITLE,7590950986025,,Create or join a group to share shopping lists and progress with your family.,,Maak een groep aan of sluit je aan bij een groep om boodschappenlijstjes en vorderingen met je gezin te delen.,,"Erstelle eine Gruppe oder schließe dich einer an, um Einkaufslisten und Fortschritte mit deiner Familie zu teilen.",,Δημιουργήστε μια ομάδα ή γίνετε μέλος μιας ομάδας για να μοιράζεστε λίστες αγορών και να παρακολουθείτε την πρόοδό σας μαζί με την οικογένειά σας.,,Crea un gruppo o unisciti a uno già esistente per condividere le liste della spesa e i progressi con la tua famiglia.,,Opprett eller bli med i en gruppe for å dele handlelister og fremgang med familien din.,,"Załóż grupę lub dołącz do niej, aby dzielić się listami zakupów i postępami z rodziną.",,"Ustvarite skupino ali se ji pridružite, da boste z družino delili nakupovalne sezname in napredek.",,Crea o únete a un grupo para compartir listas de compras y hacer un seguimiento del progreso con tu familia.,
CREATE_NEW_GROUP,7590950986026,,Create New Group,,Nieuwe groep aanmaken,,Neue Gruppe erstellen,,Δημιουργία νέας ομάδας,,Crea un nuovo gruppo,,Opprett ny gruppe,,Utwórz nową grupę,,Ustvari novo skupino,,Crear nuevo grupo,
JOIN_EXISTING_GROUP,7590950986027,,Join Existing Group,,Lid worden van een bestaande groep,,Einer bestehenden Gruppe beitreten,,Ενταχθείτε σε υπάρχουσα ομάδα,,Unisciti a un gruppo esistente,,Bli med i en eksisterende gruppe,,Dołącz do istniejącej grupy,,Pridruži se obstoječi skupini,,Unirse al grupo existente,
SKIP_GROUP,7590950986028,,Skip for now,,Voorlopig overslaan,,Vorerst überspringen,,Παράλειψη προς το παρόν,,Per ora salta questo passaggio,,Hopp over dette foreløpig,,Na razie pomiń,,Zaenkrat preskoči,,Omitir por ahora,
GROUP_CREATED,7590950986029,,Group created!,,Groep aangemaakt!,,Gruppe erstellt!,,Η ομάδα δημιουργήθηκε!,,Il gruppo è stato creato!,,Gruppen er opprettet!,,Grupa utworzona!,,Skupina je ustvarjena!,,¡Grupo creado!,
GROUP_JOINED,7590950986030,,Joined group!,,Ik ben lid geworden van de groep!,,Der Gruppe beigetreten!,,Μπήκα στην ομάδα!,,Mi sono unito al gruppo!,,Har blitt medlem av gruppen!,,Dołączyłem do grupy!,,Pridružil sem se skupini!,,¡Me uní al grupo!,
LOADING_AVATAR,319685458386944,,Loading Avatar,,Avatar wordt geladen,,Avatar wird geladen,,Φόρτωση εικόνας προφίλ,,Caricamento dell'avatar,,Laster inn avatar,,Ładowanie awatara,,Nalaganje avatarja,,Cargando avatar,
ERROR_TITLE,346294877937664,,ERROR,,FOUT,,FEHLER,,ΣΦΑΛΜΑ,,ERRORE,,FEIL,,BŁĄD,,NAPAKA,,ERROR,
CHECKING_UPDATES,1352600405401600,,Checking for updates...,,Op zoek naar updates...,,Nach Updates suchen...,,Έλεγχος για ενημερώσεις...,,Verifica della disponibilità di aggiornamenti...,,Søker etter oppdateringer...,,Sprawdzanie dostępności aktualizacji...,,Preverjanje razpoložljivosti posodobitev...,,Buscando actualizaciones...,
UPTADE_AVAILABLE,1674160731316224,,Update Available,,Er is een update beschikbaar,,Update verfügbar,,Διατίθεται ενημέρωση,,Aggiornamento disponibile,,Oppdatering tilgjengelig,,Dostępna aktualizacja,,Na voljo je posodobitev,,Actualización disponible,
UPDATE_AVAILABLE_MSG,1674295611744256,,A new version is available.,,Er is een nieuwe versie beschikbaar.,,Es ist eine neue Version verfügbar.,,Είναι διαθέσιμη μια νέα έκδοση.,,È disponibile una nuova versione.,,En ny versjon er tilgjengelig.,,Dostępna jest nowa wersja.,,Na voljo je nova različica.,,Una nueva versión está disponible.,
RELEASE_NOTES,1674465741103104,,Release notes:,,Release-opmerkingen:,,Versionshinweise:,,Σημειώσεις έκδοσης:,,Note di rilascio:,,Utgivelsesnotater:,,Informacje o aktualizacji:,,Opombe k izdaji:,,Notas de la versión:,
UPDATE,1675915250622464,,Update,,Update,,Aktualisierung,,Ενημέρωση,,Aggiornamento,,Oppdatering,,Aktualizacja,,Posodobitev,,Actualizar,
LATER,1675915254816768,,Later,,Later,,Später,,Αργότερα,,Più tardi,,Senere,,Później,,Kasneje,,Más tarde,
SHOPPING_LIST_APP_BAR,3882568704319488,,📝 Shopping list,,📝 Boodschappenlijstje,,📝 Einkaufsliste,,📝 Λίστα αγορών,,📝 Lista della spesa,,📝 Handleliste,,📝 Lista zakupów,,📝 Nakupovalni seznam,,Lista de compras,
NO_RESULTS,6413218154012672,,No results found,,Er zijn geen resultaten gevonden,,Es wurden keine Ergebnisse gefunden,,Δεν βρέθηκαν αποτελέσματα,,Nessun risultato trovato,,Ingen resultater funnet,,Nie znaleziono wyników,,Rezultati niso bili najdeni,,No se encontraron resultados,
ENVIRONMENT,6798748049989632,,Backend,,Backend,,Backend,,Backend,,Backend,,Backend,,Backend,,Backend,,Backend,
API_URL_LABEL,6798836050681856,,API URL,,API-URL,,API-URL,,Διεύθυνση URL API,,URL dell'API,,API-URL,,Adres URL interfejsu API,,URL vmesnika API,,URL de la API,
APP_VERSION,6798909413253120,,App version,,App-versie,,App-Version,,Έκδοση εφαρμογής,,Versione dell'app,,Appversjon,,Wersja aplikacji,,Različica aplikacije,,Versión de la aplicación,
ENV_CHANGE_TITLE,6798978623463424,,Change environment,,Van omgeving veranderen,,Umgebung ändern,,Αλλαγή περιβάλλοντος,,Cambia ambiente,,Bytt miljø,,Zmień środowisko,,Spremeni okolje,,Cambiar de entorno,
ENV_CHANGE_MSG,6800027757305856,,Changing the environment will log you out. Are you sure?,,"Als je de omgeving wijzigt, word je uitgelogd. Weet je het zeker?",,Durch das Ändern der Umgebung werden Sie abgemeldet. Sind Sie sicher?,,Η αλλαγή του περιβάλλοντος θα σας αποσυνδέσει. Είστε σίγουροι;,,La modifica dell'ambiente comporterà la disconnessione. Sei sicuro?,,"Hvis du endrer miljøet, blir du logget ut. Er du sikker?",,Zmiana środowiska spowoduje wylogowanie. Czy na pewno chcesz to zrobić?,,S spremembo okolja se boste odjavili. Ste prepričani?,,"Si cambias de entorno, se cerrará tu sesión. ¿Estás seguro?",
SECTION_GENERIC_FOODS,7834217718210560,,Generic foods,,Standaardvoedingsmiddelen,,No-Name-Lebensmittel,,Τρόφιμα γενικής χρήσης,,Alimenti generici,,Generiske matvarer,,Żywność bezmarkowa,,Živila brez posebne oznake,,Alimentos genéricos,
SECTION_PRODUCTS,7834734070587392,,Products,,Producten,,Produkte,,Προϊόντα,,Prodotti,,Produkter,,Produkty,,Izdelki,,Productos,
GENERIC_FOOD_NOT_AVAILABLE,7835105786585088,,Generic food not available,,Generieke levensmiddelen zijn niet verkrijgbaar,,Generische Lebensmittel nicht verfügbar,,Δεν διατίθενται γενικά τρόφιμα,,Alimenti generici non disponibili,,Generiske matvarer er ikke tilgjengelige,,Produkty spożywcze bez nazwy handlowej niedostępne,,Generična hrana ni na voljo,,Alimento genérico no disponible,
GENERIC_FOOD_NOT_AVAILABLE_DESC,7835562022002688,,This generic food is not available in the backend database for this environment.,,Dit generieke voedingsmiddel is niet beschikbaar in de backend-database voor deze omgeving.,,Dieses generische Lebensmittel ist in der Backend-Datenbank für diese Umgebung nicht verfügbar.,,Αυτό το γενικό τρόφιμο δεν είναι διαθέσιμο στη βάση δεδομένων του backend για αυτό το περιβάλλον.,,Questo alimento generico non è disponibile nel database di backend per questo ambiente.,,Denne generiske matvaren finnes ikke i backend-databasen for dette miljøet.,,Ten produkt spożywczy nie jest dostępny w bazie danych zaplecza dla tego środowiska.,,Ta generična živila niso na voljo v podatkovni bazi na strežniški strani za to okolje.,,Este alimento genérico no está disponible en la base de datos del backend para este entorno.,
Hair,18736000059125760,,Hair,,Haar,,Haare,,Μαλλιά,,Capelli,,Hår,,Włosy,,Lasje,,Pelo,
Eyebrows,18736120376930304,,Eyebrows,,Wenkbrauwen,,Augenbrauen,,Φρύδια,,Sopracciglia,,Øyenbryn,,Brwi,,Obrvi,,Cejas,
Eyes,18736148403269632,,Eyes,,Ogen,,Augen,,Μάτια,,Occhi,,Øyne,,Oczy,,Oči,,Ojos,
Nose,18736209866600448,,Nose,,Neus,,Nase,,Μύτη,,Naso,,Nese,,Nos,,Nos,,Nariz,
Mouth,18736222906691584,,Mouth,,Mond,,Mund,,Στόμα,,Bocca,,Munnen,,Usta,,Usta,,Boca,
FacialHair,18736267513114624,,Facial hair,,Gezichtshaar,,Gesichtsbehaarung,,Τριχοφυΐα στο πρόσωπο,,Peli sul viso,,Ansiktshår,,Zarost,,Dlakavost na obrazu,,Pelo facial,
Skin,18736302107734016,,Skin,,Huid,,Haut,,Δέρμα,,Pelle,,Hud,,Skóra,,Koža,,Piel,
Tshirt,18736328280190976,,T-shirt,,T-shirt,,T-Shirt,,Μπλουζάκι,,Maglietta,,T-skjorte,,Koszulka,,Majica,,Camiseta,
Trousers,18736361163534336,,Trousers,,Broeken,,Hosen,,Παντελόνια,,Pantaloni,,Bukser,,Spodnie,,Hlače,,Pantalones,
Shoes,18736389118570496,,Shoes,,Schoenen,,Schuhe,,Παπούτσια,,Scarpe,,Sko,,Buty,,Čevlji,,Zapatos,
From_Pantry,14120235996012544,,From Pantry,,Uit de voorraadkast,,Aus der Speisekammer,,Από το ντουλάπι,,Dalla dispensa,,Fra spiskammeret,,Z spiżarni,,Iz shrambe,,De la despensa,
Eaten_Out,14120384667312128,,Ate Out,,Uit eten geweest,,Auswärts gegessen,,Φάγαμε έξω,,Mangiato fuori,,Spiste ute,,Jedliśmy na mieście,,Jedli smo zunaj,,Comí fuera,
TitleGenericFood,19453347131023360,,Generic Food,,Algemene levensmiddelen,,Allgemeine Lebensmittel,,Γενικά τρόφιμα,,Alimenti generici,,Generiske matvarer,,Żywność ogólna,,Splošna hrana,,Alimentos genéricos,
TitleOpenFoodFactsProducts,19453408372056064,,Open Food Facts,,Open Food Facts,,Open Food Facts,,Open Food Facts,,Open Food Facts,,Open Food Facts,,Open Food Facts,,Odprti podatki o hrani,,Open Food Facts,
txtWhatsNew,20518970774773760,,What's New in v{0},,Nieuwe functies in v{0},,Neuerungen in Version {0},,Τι νέο υπάρχει στην έκδοση v{0},,Novità della versione v{0},,Hva er nytt i versjon {0},,Co nowego w wersji v{0},,Novosti v različici v{0},,Novedades de la versión {0},
txtGotIt,20629525997019136,,Got It!,,"Oké, begrepen!",,Verstanden!,,Το κατάλαβα!,,Capito!,,Skjønner!,,Rozumiem!,,Razumel sem!,,¡Entendido!,
txtSubmit,25707081205014528,,Submit,,Verzenden,,Absenden,,Υποβολή,,Invia,,Send inn,,Wyślij,,Pošlji,,Enviar,
txtStepOf,25708140598124544,,Step {0} of {1},,Stap {0} van {1},,Schritt {0} von {1},,Βήμα {0} από {1},,Passo {0} di {1},,Trinn {0} av {1},,Krok {0} z {1},,Korak {0} od {1},,Paso {0} de {1},
txtOnboardSurvey_Step_0,25709632411394048,,"Welcome to Foodmission!
This quick survey helps us understand your dietary habits, food waste awareness, and sustainable choices so Nutri can tailor recommendations for you.",,"Welkom bij Foodmission!
Deze korte enquête helpt ons inzicht te krijgen in je eetgewoonten, je bewustzijn rond voedselverspilling en je duurzame keuzes, zodat Nutri aanbevelingen op maat voor je kan doen.",,"Willkommen bei Foodmission!
Diese kurze Umfrage hilft uns dabei, Ihre Ernährungsgewohnheiten, Ihr Bewusstsein für Lebensmittelverschwendung und Ihre Entscheidungen im Hinblick auf Nachhaltigkeit besser zu verstehen, damit Nutri Ihnen maßgeschneiderte Empfehlungen geben kann.",,"Καλώς ήρθατε στο Foodmission!
Αυτή η σύντομη έρευνα μας βοηθά να κατανοήσουμε τις διατροφικές σας συνήθειες, την ευαισθητοποίησή σας σχετικά με τη σπατάλη τροφίμων και τις βιώσιμες επιλογές σας, ώστε το Nutri να μπορεί να σας προτείνει εξατομικευμένες προτάσεις.",,"Benvenuto su Foodmission!
Questo breve sondaggio ci aiuta a capire le tue abitudini alimentari, la tua consapevolezza riguardo allo spreco alimentare e le tue scelte sostenibili, in modo che Nutri possa personalizzare i consigli per te.",,"Velkommen til Foodmission!
Denne korte undersøkelsen hjelper oss å forstå dine spisevaner, din bevissthet rundt matsvinn og dine bærekraftige valg, slik at Nutri kan skreddersy anbefalinger til deg.",,"Witamy w Foodmission!
Ta krótka ankieta pomoże nam poznać Twoje nawyki żywieniowe, świadomość w zakresie marnotrawstwa żywności oraz wybory zgodne z zasadami zrównoważonego rozwoju, dzięki czemu Nutri będzie mogło dostosować rekomendacje specjalnie dla Ciebie.",,"Dobrodošli v Foodmission!
Ta kratka anketa nam pomaga razumeti vaše prehranjevalne navade, ozaveščenost o izgubi hrane in trajnostne odločitve, da vam bo Nutri lahko pripravil priporočila po meri.",,"¡Bienvenido a Foodmission!
Esta breve encuesta nos ayuda a conocer tus hábitos alimenticios, tu concienciación sobre el desperdicio de alimentos y tus elecciones sostenibles, para que Nutri pueda ofrecerte recomendaciones personalizadas.",
txtOnboardSurvey_Step_1,25709899143962624,,How many meals containing meat do you typically eat each week?,,Hoeveel maaltijden met vlees eet je doorgaans per week?,,Wie viele Mahlzeiten mit Fleisch essen Sie normalerweise pro Woche?,,Πόσα γεύματα που περιέχουν κρέας τρώτε συνήθως κάθε εβδομάδα;,,Quanti pasti a base di carne consumi in genere ogni settimana?,,Hvor mange måltider med kjøtt spiser du vanligvis hver uke?,,Ile posiłków zawierających mięso zazwyczaj spożywasz w ciągu tygodnia?,,Koliko obrokov z mesom običajno pojeste na teden?,,¿Cuántas comidas que contengan carne sueles tomar cada semana?,
txtOnboardSurvey_Step_2,25710060687581184,,How often do you consume beef?,,Hoe vaak eet je rundvlees?,,Wie oft isst du Rindfleisch?,,Πόσο συχνά τρώτε βοδινό κρέας;,,Con quale frequenza mangi carne di manzo?,,Hvor ofte spiser du biff?,,Jak często jesz wołowinę?,,Kako pogosto jeste goveje meso?,,¿Con qué frecuencia comes carne de vacuno?,
txtOnboardSurvey_Step_3,25710112776642560,,How often do you throw away edible food?,,Hoe vaak gooi je nog eetbaar voedsel weg?,,Wie oft werfen Sie noch essbare Lebensmittel weg?,,Πόσο συχνά πετάτε τρόφιμα που είναι ακόμα βρώσιμα;,,Con quale frequenza butti via del cibo ancora commestibile?,,Hvor ofte kaster du mat som fortsatt er spiselig?,,"Jak często wyrzucasz jedzenie, które nadaje się jeszcze do spożycia?",,"Kako pogosto zavržeš hrano, ki je še užitna?",,¿Con qué frecuencia tiras comida que aún se puede comer?,
txtOnboardSurvey_Step_4,25710126802395136,,"How often do you consume ultra-processed foods such as packaged snacks, sugary drinks, ready meals, or processed meat products?",,"Hoe vaak eet of drinkt u ultraverwerkte voedingsmiddelen, zoals verpakte snacks, suikerrijke dranken, kant-en-klaarmaaltijden of verwerkte vleesproducten?",,"Wie oft verzehren Sie hochverarbeitete Lebensmittel wie abgepackte Snacks, zuckerhaltige Getränke, Fertiggerichte oder verarbeitete Fleischprodukte?",,"Πόσο συχνά καταναλώνετε υπερ-επεξεργασμένα τρόφιμα, όπως συσκευασμένα σνακ, ζαχαρούχα ποτά, έτοιμα γεύματα ή επεξεργασμένα προϊόντα κρέατος;",,"Con quale frequenza consumi alimenti ultra-trasformati come snack confezionati, bevande zuccherate, piatti pronti o prodotti a base di carne lavorata?",,"Hvor ofte spiser du ultraprosesserte matvarer som ferdigpakkede snacks, sukkerholdige drikker, ferdigretter eller bearbeidede kjøttprodukter?",,"Jak często spożywasz żywność wysoko przetworzoną, taką jak pakowane przekąski, słodkie napoje, dania gotowe czy przetworzone produkty mięsne?",,"Kako pogosto uživate visoko predelano hrano, kot so pakirani prigrizki, sladke pijače, pripravljene jedi ali predelani mesni izdelki?",,"¿Con qué frecuencia consumes alimentos ultraprocesados, como aperitivos envasados, bebidas azucaradas, platos preparados o productos cárnicos procesados?",
txtOnboardSurvey_Step_5,25710140115116032,,How often do you use reusable containers or purchase refill products?,,Hoe vaak gebruik je herbruikbare verpakkingen of koop je navulproducten?,,Wie oft verwenden Sie wiederverwendbare Behälter oder kaufen Nachfüllprodukte?,,Πόσο συχνά χρησιμοποιείτε επαναχρησιμοποιούμενα δοχεία ή αγοράζετε προϊόντα που μπορούν να ξαναγεμιστούν;,,Con quale frequenza utilizzi contenitori riutilizzabili o acquisti prodotti ricaricabili?,,Hvor ofte bruker du gjenbrukbare beholdere eller kjøper påfyllingsprodukter?,,Jak często korzystasz z pojemników wielokrotnego użytku lub kupujesz produkty do ponownego napełniania?,,Kako pogosto uporabljate posode za večkratno uporabo ali kupujete izdelke za ponovno polnjenje?,,¿Con qué frecuencia utilizas envases reutilizables o compras productos recargables?,
txtCATEGORIES,25970700069101568,,CATEGORIES,,CATEGORIEËN,,KATEGORIEN,,ΚΑΤΗΓΟΡΙΕΣ,,CATEGORIE,,KATEGORIER,,KATEGORIE,,KATEGORIJE,,CATEGORÍAS,
txtRECENTLY_ADDED,25971230925381632,,RECENTLY ADDED,,ONLANGS TOEGEVOEGD,,NEU HINZUGEFÜGT,,ΠΡΟΣΘΗΚΕ ΠΡΟΣΦΑΤΑ,,AGGIUNTI DI RECENTE,,NYTT INNHOLD,,OSTATNIO DODANE,,NAJNOVEJŠE DODATKE,,AÑADIDOS RECIENTEMENTE,
txtPrevious,25972618610860032,,Previous,,Vorige,,Zurück,,Προηγούμενο,,Precedente,,Forrige,,Poprzedni,,Prejšnja,,Anterior,
txtPage_n_of_pages,25973559573602304,,Page {0} of {1},,Pagina {0} van {1},,Seite {0} von {1},,Σελίδα {0} από {1},,Pagina {0} di {1},,Side {0} av {1},,Strona {0} z {1},,Stran {0} od {1},,Página {0} de {1},
SEARCHING_PRESETS,26077910317129728,,Searching meals and recipes...,,Zoeken naar maaltijden en recepten...,,Suche nach Gerichten und Rezepten...,,Αναζήτηση γευμάτων και συνταγών...,,Ricerca di piatti e ricette...,,Søker etter måltider og oppskrifter...,,Wyszukiwanie posiłków i przepisów...,,Iskanje obrokov in receptov...,,Buscando platos y recetas...,
txtWHAT_DID_YOU_HAVE_FOR,26079908550664192,,What did you have for {0}?,,Wat heb je gegeten als {0}?,,Was hast du zum {0} gegessen?,,Τι έφαγες για {0};,,Cosa hai mangiato per {0}?,,Hva spiste du til {0}?,,Co jadłeś na {0}?,,Kaj si jedel za {0}?,,¿Que has comido para el {0}?,
txtNO_RECENT_MEALS_LOGGED,26082273878073344,,No recent meals logged.,,Er zijn geen recente maaltijden geregistreerd.,,Es wurden keine Mahlzeiten aus der letzten Zeit erfasst.,,Δεν έχουν καταγραφεί πρόσφατα γεύματα.,,Non sono stati registrati pasti recenti.,,Det er ikke registrert noen måltider i det siste.,,Nie zarejestrowano żadnych ostatnich posiłków.,,Zadnjih obrokov ni zabeleženih.,,No hay comidas registradas recientemente.,
LOAD_PRESET_OR_RECIPE,26082769774829568,,Load previous meal or recipe,,Vorige maaltijd of recept laden,,Vorherige Mahlzeit oder Rezept laden,,Φόρτωση προηγούμενου γεύματος ή συνταγής,,Carica il pasto o la ricetta precedente,,Last inn forrige måltid eller oppskrift,,Załaduj poprzedni posiłek lub przepis,,Naloži prejšnji obrok ali recept,,Cargar la comida o receta anterior,
CANCEL_SEARCH,26082930148237312,,Cancel search,,Zoekopdracht annuleren,,Suche abbrechen,,Ακύρωση αναζήτησης,,Annulla ricerca,,Avbryt søket,,Anuluj wyszukiwanie,,Prekliči iskanje,,Cancelar búsqueda,
PRESET_MODIFIED,26083312333217792,,"The ingredients of \""{0}\"" have changed. Would you like to update the existing preset or save as a new preset?",,De ingrediënten van „{0}“ zijn gewijzigd. Wilt u de bestaande voorinstelling bijwerken of opslaan als een nieuwe voorinstelling?,,Die Zutaten von „{0}“ haben sich geändert. Möchten Sie die vorhandene Voreinstellung aktualisieren oder als neue Voreinstellung speichern?,,Τα συστατικά του «{0}» έχουν αλλάξει. Θέλετε να ενημερώσετε την υπάρχουσα προεπιλογή ή να την αποθηκεύσετε ως νέα προεπιλογή;,,"Gli ingredienti di ""{0}"" sono cambiati. Vuoi aggiornare il preset esistente o salvarlo come nuovo preset?",,Ingrediensene i «{0}» har endret seg. Vil du oppdatere den eksisterende forhåndsinnstillingen eller lagre den som en ny forhåndsinnstilling?,,"Składniki „{0}” uległy zmianie. Czy chcesz zaktualizować istniejący profil, czy zapisać go jako nowy?",,Sestavine prednastavitve »{0}« so se spremenile. Ali želite posodobiti obstoječo prednastavitev ali jo shraniti kot novo prednastavitev?,,Los ingredientes de «{0}» han cambiado. ¿Quieres actualizar el preajuste existente o guardarlo como un nuevo preajuste?,
PRESET_MODIFIED_TITLE,26083867323523072,,Preset modified.,,Voorinstelling aangepast.,,Voreinstellung geändert.,,Η προεπιλογή τροποποιήθηκε.,,Impostazione predefinita modificata.,,Forhåndsinnstillingen er endret.,,Zmodyfikowano ustawienie wstępne.,,Prednastavitev je bila spremenjena.,,Se ha modificado el ajuste preestablecido.,
SAVE_AS_NEW,26084472809054208,,Save as New,,Opslaan als nieuw,,Als neue Datei speichern,,Αποθήκευση ως νέο αρχείο,,Salva con nome,,Lagre som nytt,,Zapisz jako nowy,,Shrani kot novo,,Guardar como nuevo,
PLACEHOLDER_PRESET_NAME,26084697950904320,,Preset name,,Naam van de voorinstelling,,Name der Voreinstellung,,Όνομα προεπιλογής,,Nome del preset,,Forhåndsinnstilt navn,,Nazwa ustawienia wstępnego,,Ime prednastavitve,,Nombre del preajuste,
SAVE_AS_NEW_PRESET,26085108048977920,,Save as New Preset,,Opslaan als nieuwe voorinstelling,,Als neue Voreinstellung speichern,,Αποθήκευση ως νέα προεπιλογή,,Salva come nuovo preset,,Lagre som ny forhåndsinnstilling,,Zapisz jako nowe ustawienie wstępne,,Shrani kot novo prednastavitev,,Guardar como nuevo ajuste preestablecido,
ERROR_PRESET_NAME_REQUIRED,26085312869425152,,Please enter a name for the new preset,,Voer een naam in voor de nieuwe voorinstelling,,Bitte geben Sie einen Namen für die neue Voreinstellung ein,,Παρακαλώ εισάγετε ένα όνομα για τη νέα προεπιλογή,,Inserisci un nome per il nuovo preset,,Vennligst skriv inn et navn på den nye forhåndsinnstillingen,,Wprowadź nazwę nowego ustawienia wstępnego,,Vnesite ime za novo prednastavitev,,Introduce un nombre para el nuevo ajuste preestablecido,
RECIPE,26085540183924736,,Recipe,,Recept,,Rezept,,Συνταγή,,Ricetta,,Oppskrift,,Przepis,,Recept,,Receta,
SELECT_MEAL_TYP,26299707348213760,,Select a meal type,,Kies een maaltijdtype,,Wählen Sie eine Mahlzeitart aus,,Επιλέξτε τον τύπο γεύματος,,Seleziona un tipo di pasto,,Velg en måltidstype,,Wybierz rodzaj posiłku,,Izberite vrsto obroka,,Selecciona un tipo de comida,
WHAT_MEAL_TYPE_LOG,26305215656353792,,What type of meal do you want to log?,,Wat voor soort maaltijd wil je vastleggen?,,Welche Art von Mahlzeit möchtest du eintragen?,,Τι είδους γεύμα θέλετε να καταγράψετε;,,Che tipo di pasto desideri registrare?,,Hvilken type måltid ønsker du å registrere?,,Jaki rodzaj posiłku chcesz zarejestrować?,,Kakšen obrok želiš vnesti?,,¿Qué tipo de comida quieres registrar?,
WHERE_MEAL_FROM,26305695111438336,,Where was your meal from?,,Waar kwam je maaltijd vandaan?,,Woher stammte dein Essen?,,Από πού ήταν το γεύμα σου;,,Da dove proveniva il tuo pasto?,,Hvor kom måltidet ditt fra?,,Skąd pochodziło twoje danie?,,Od kod je bil tvoj obrok?,,¿De dónde era tu comida?,
SEARCH_PRESET_RECIPES_PLACEHOLDER,26308100574142464,,Search meals and recipes...,,Zoek maaltijden en recepten...,,Gerichte und Rezepte suchen...,,Αναζήτηση γευμάτων και συνταγών...,,Cerca piatti e ricette...,,Søk etter måltider og oppskrifter...,,Wyszukaj dania i przepisy...,,Iskanje obrokov in receptov...,,Buscar platos y recetas...,
SEARCH_PRODUCTS_OR_SELECT_CATEGORY,26308484147437568,,Search products or select category...,,Zoek producten of kies een categorie...,,Produkte suchen oder Kategorie auswählen...,,Αναζήτηση προϊόντων ή επιλογή κατηγορίας...,,Cerca i prodotti o seleziona una categoria...,,Søk etter produkter eller velg kategori...,,Wyszukaj produkty lub wybierz kategorię...,,Poiščite izdelke ali izberite kategorijo...,,Busca productos o selecciona una categoría...,
ERROR_NO_ITEMS_SELECTED,26318181705441280,,Please add at least one food item,,Voeg alstublieft ten minste één voedingsmiddel toe,,Bitte fügen Sie mindestens ein Lebensmittel hinzu,,Παρακαλώ προσθέστε τουλάχιστον ένα είδος τροφίμου,,Si prega di aggiungere almeno un prodotto alimentare,,Vennligst legg til minst én matvare,,Proszę dodać co najmniej jeden produkt spożywczy,,"Prosimo, dodajte vsaj eno živilo",,"Por favor, añade al menos un producto alimenticio",
CHANGE_LIST,26661509051441152,,Change list,,Wijzigingslijst,,Änderungsliste,,Λίστα αλλαγών,,Elenco delle modifiche,,Endringsliste,,Lista zmian,,Seznam sprememb,,Cambio de lista,
AUTO_PANTRY_ADD,26664242240282624,,Automatic add to pantry when checked,,Wordt automatisch aan de voorraad toegevoegd als het vakje is aangevinkt,,Bei Auswahl automatisch zur Vorratskammer hinzufügen,,Αυτόματη προσθήκη στο ντουλάπι όταν επιλεγεί,,Aggiungi automaticamente alla dispensa se selezionato,,Legges automatisk til i spiskammeret når avkrysses,,Po zaznaczeniu automatycznie dodaj do spiżarni,,Ob označitvi se samodejno doda v shrambo,,Se añade automáticamente a la despensa al marcar la casilla,
RESET_LIST,26664711310270464,,Reset list,,Lijst opnieuw instellen,,Liste zurücksetzen,,Επαναφορά λίστας,,Ripristina elenco,,Tilbakestill listen,,Wyczyść listę,,Ponastavi seznam,,Restablecer lista,
RESET_LIST_CONFIRM_TITLE,26665383497818112,,Reset list?,,Lijst opnieuw instellen?,,Liste zurücksetzen?,,Επαναφορά λίστας;,,Azzerare l'elenco?,,Tilbakestille listen?,,Wyczyścić listę?,,Ponastaviti seznam?,,¿Restablecer la lista?,
RESET_LIST_CONFIRM_DESC,26665444902428672,,This will uncheck all items.,,Hiermee worden alle selectievakjes uitgeschakeld.,,Dadurch werden alle Markierungen aufgehoben.,,Με αυτόν τον τρόπο θα καταργηθεί η επιλογή από όλα τα στοιχεία.,,In questo modo si deselezioneranno tutte le voci.,,Dette vil fjerne merket fra alle elementene.,,Spowoduje to odznaczenie wszystkich pozycji.,,S tem se bodo odkljukale vse možnosti.,,Esto desmarcará todos los elementos.,
COULD_NOT_RESET_LIST,26665526003490816,,Could not reset list,,De lijst kon niet worden gereset,,Liste konnte nicht zurückgesetzt werden,,Δεν ήταν δυνατή η επαναφορά της λίστας,,Impossibile reimpostare l'elenco,,Kunne ikke tilbakestille listen,,Nie udało się zresetować listy,,Seznama ni bilo mogoče ponastaviti,,No se ha podido restablecer la lista,
COULD_NOT_ADD_TO_PANTRY,26665593070411776,,Could not add item to pantry,,Het artikel kon niet aan de voorraadkast worden toegevoegd,,Der Artikel konnte nicht zur Vorratskammer hinzugefügt werden,,Δεν ήταν δυνατή η προσθήκη του προϊόντος στο ντουλάπι τροφίμων,,Impossibile aggiungere l'articolo alla dispensa,,Det var ikke mulig å legge varen til i spiskammeret,,Nie udało się dodać produktu do spiżarni,,Elementa ni bilo mogoče dodati v shrambo,,No se ha podido añadir el artículo a la despensa,
ITEM_ADDED_TO_PANTRY,26665665698979840,,Item added to pantry,,Artikel toegevoegd aan de voorraadkast,,Artikel in die Vorratskammer aufgenommen,,Το προϊόν προστέθηκε στο ντουλάπι τροφίμων,,Articolo aggiunto alla dispensa,,Varen er lagt til i spiskammeret,,Produkt dodany do spiżarni,,Izdelek dodan v shrambo,,Artículo añadido a la despensa,
SHOPPING_LIST_SUB_TITLE,26666342005334016,,What do you want to add to the list?,,Wat wil je aan de lijst toevoegen?,,Was möchtest du der Liste hinzufügen?,,Τι θέλετε να προσθέσετε στη λίστα;,,Cosa vorresti aggiungere alla lista?,,Hva vil du legge til på listen?,,Co chcesz dodać do tej listy?,,Kaj bi rad dodal na seznam?,,¿Qué quieres añadir a la lista?,
META_FOOD_GROUP,26683190063128576,,Food group,,Voedingsgroep,,Lebensmittelgruppe,,Ομάδα τροφίμων,,Gruppo alimentare,,Matgruppe,,Grupa produktów spożywczych,,Skupina živil,,Grupo de alimentos,
META_SYNONYMS,26684223598354432,,Synonyms,,Synoniemen,,Synonyme,,Συνώνυμα,,Sinonimi,,Synonymer,,Synonimy,,Sinonimi,,Sinónimos,
META_FORTIFIED_WITH,26684271409225728,,Fortified with,,Verrijkt met,,Angereichert mit,,Εμπλουτισμένο με,,Arricchito con,,Beriket med,,Wzbogacony o,,Obogaten z,,Enriquecido con,
COULD_NOT_UPDATE_PREFERENCES,26684341949030400,,Could not update preferences,,De instellingen konden niet worden bijgewerkt,,Einstellungen konnten nicht aktualisiert werden,,Δεν ήταν δυνατή η ενημέρωση των ρυθμίσεων,,Impossibile aggiornare le preferenze,,Det var ikke mulig å oppdatere innstillingene,,Nie udało się zaktualizować ustawień,,Nastavitev ni bilo mogoče posodobiti,,No se han podido actualizar las preferencias,
NUTR_VALUES_PER_100G,26684380855394304,,Values per 100g,,Waarden per 100 g,,Nährwerte pro 100 g,,Τιμές ανά 100 γρ.,,Valori per 100 g,,Næringsinnhold per 100 g,,Wartości w przeliczeniu na 100 g,,Vrednosti na 100 g,,Valores por cada 100 g,
TXT_NO,26697861683994624,,No,,Nee,,Nein,,Όχι,,No,,Nei,,Nie,,Ne,,No,
TXT_YES,26697882789732352,,Yes,,Ja,,Ja,,Ναι,,Sì,,Ja,,Tak,,Da,,Sí,
META_PALM_OIL_FREE,26698185257771008,,Palm Oil Free,,Zonder palmolie,,Ohne Palmöl,,Χωρίς φοινικέλαιο,,Senza olio di palma,,Uten palmeolje,,Bez oleju palmowego,,Brez palmovega olja,,Sin aceite de palma,
META_VEGETARIAN,26698245924184064,,Vegetarian,,Vegetarisch,,Vegetarisch,,Χορτοφαγική,,Vegetariano,,Vegetarisk,,Wegetariański,,Vegetarijanski,,Vegetariano,
META_VEGAN,26698315646099456,,Vegan,,Veganistisch,,Vegan,,Βίγκαν,,Vegano,,Vegansk,,Wegańskie,,Veganski,,Vegano,
META_STORES,26698358113427456,,Stores,,Winkels,,Geschäfte,,Καταστήματα,,Negozi,,Butikker,,Sklepy,,Trgovine,,Tiendas,
META_CATEGORIES,26698401734189056,,Categories,,Categorieën,,Kategorien,,Κατηγορίες,,Categorie,,Kategorier,,Kategorie,,Kategorije,,Categorías,
META_TRACES,26698610480504832,,Traces,,Sporen,,Spuren,,Ίχνη,,Tracce,,Spor,,Ślady,,Sledi,,Huellas,
DESCRIPTION,26698676893114368,,Description,,Beschrijving,,Beschreibung,,Περιγραφή,,Descrizione,,Beskrivelse,,Opis,,Opis,,Descripción,
QUICK_SEARCH,26764712233394176,,Quick search,,Snel zoeken,,Schnellsuche,,Γρήγορη αναζήτηση,,Ricerca rapida,,Hurtigsøk,,Szybkie wyszukiwanie,,Hitro iskanje,,Búsqueda rápida,
ITEM_ADDED_TO_SHOPPING_LIST,26777548250669056,,Item added to shopping list,,Artikel toegevoegd aan het boodschappenlijstje,,Artikel zur Einkaufsliste hinzugefügt,,Το προϊόν προστέθηκε στη λίστα αγορών,,Articolo aggiunto alla lista della spesa,,Varen er lagt til i handlelisten,,Produkt dodano do listy zakupów,,Izdelek je bil dodan na nakupovalni seznam,,Artículo añadido a la lista de la compra,
QUICK_SEARCH_SUBTITLE,26777752722989056,,Search or scan a product,,Een product zoeken of scannen,,Ein Produkt suchen oder scannen,,Αναζήτηση ή σάρωση προϊόντος,,Cerca o scansiona un prodotto,,Søk etter eller skann et produkt,,Wyszukaj lub zeskanuj produkt,,Iskanje ali skeniranje izdelka,,Buscar o escanear un producto,
ORIGIN,26799037893042176,,Origin,,Herkomst,,Herkunft,,Προέλευση,,Origine,,Opprinnelse,,Pochodzenie,,Izvor,,Origen,
SCAN_HELP,27039676689801216,,Align the barcode within the frame,,Lijn de barcode uit binnen het kader,,Richten Sie den Barcode innerhalb des Rahmens aus,,Ευθυγραμμίστε τον γραμμωτό κώδικα μέσα στο πλαίσιο,,Allinea il codice a barre all'interno del riquadro,,Plasser strekkoden innenfor rammen,,Wyrównaj kod kreskowy w ramce,,Poravnajte črtno kodo znotraj okvirja,,Alinea el código de barras dentro del recuadro,
QUANTITY_AND_UNIT,27100895719186432,,Quantity & Unit,,Aantal & Eenheid,,Menge & Einheit,,Ποσότητα & Μονάδα,,Quantità e unità,,Antall og enhet,,Ilość i jednostka miary,,Količina in enota,,Cantidad y unidad,
DATE_PLUS_3_DAYS,27100946763866112,,+3 days,,+3 dagen,,+3 Tage,,+3 ημέρες,,+3 giorni,,+3 dager,,+3 dni,,+3 dni,,+3 días,
DATE_PLUS_1_WEEK,27101012291477504,,+1 week,,+1 week,,+1 Woche,,+1 εβδομάδα,,+1 settimana,,+1 uke,,+1 tydzień,,+1 teden,,+1 semana,
DATE_PLUS_1_MONTH,27101090557190144,,+1 month,,+1 maand,,+1 Monat,,+1 μήνας,,+1 mese,,+1 måned,,+1 miesiąc,,+1 mesec,,+1 mes,
RATING,28537754026500096,,Rating,,Beoordeling,,Bewertung,,Αξιολόγηση,,Valutazione,,Vurdering,,Ocena,,Ocena,,Valoración,
NO_REVIEWS,28538423429029888,,No reviews,,Geen beoordelingen,,Keine Bewertungen,,Δεν υπάρχουν κριτικές,,Nessuna recensione,,Ingen anmeldelser,,Brak recenzji,,Ni mnenj,,No hay opiniones,
RECIPES_FOUND_N,28538760755929088,,Recipes found ({0}),,Gevonden recepten ({0}),,Gefundene Rezepte ({0}),,Βρέθηκαν συνταγές ({0}),,Ricette trovate ({0}),,Oppskrifter funnet ({0}),,Znaleziono przepisów ({0}),,Najdeni recepti ({0}),,Recetas encontradas ({0}),
SEARCH_RECIPES_PLACEHOLDER,28540443628134400,,Search recipes...,,Recepten zoeken...,,Rezepte suchen...,,Αναζήτηση συνταγών...,,Cerca ricette...,,Søk etter oppskrifter...,,Wyszukaj przepisy...,,Iskanje receptov...,,Buscar recetas...,
NO_RECIPES_FOUND,28541196946104320,,No recipes found,,Er zijn geen recepten gevonden,,Es wurden keine Rezepte gefunden,,Δεν βρέθηκαν συνταγές,,Nessuna ricetta trovata,,Ingen oppskrifter funnet,,Nie znaleziono żadnych przepisów,,Receptov ni bilo najdenih,,No se han encontrado recetas,
INFORMATION,28870311913971712,,Information,,Informatie,,Informationen,,Πληροφορίες,,Informazioni,,Informasjon,,Informacje,,Informacije,,Información,
INSTRUCTIONS,28870675795009536,,Instructions,,Instructies,,Anleitung,,Οδηγίες,,Istruzioni,,Veiledning,,Instrukcje,,Navodila,,Instrucciones,
NUTRITION,28870860768010240,,Nutrition,,Voeding,,Ernährung,,Διατροφή,,Alimentazione,,Ernæring,,Żywienie,,Prehrana,,Nutrición,
DIET_AND_LIFESTILE,28872804286849024,,Diet & Lifestyle,,Voeding en levensstijl,,Ernährung & Lebensstil,,Διατροφή και τρόπος ζωής,,Alimentazione e stile di vita,,Kosthold og livsstil,,Dieta i styl życia,,Prehrana in življenjski slog,,Alimentación y estilo de vida,
TAGS,28873180532695040,,Tags,,Tags,,Stichwörter,,Ετικέτες,,Tag,,Tags,,Tagi,,Oznake,,Etiquetas,
SERVINGS_BADGE,28898960193085440,,🍽 {0} {global.SERVINGS},,🍽 {0} {global.SERVINGS},,🍽 {0} {global.SERVINGS},,🍽 {0} {global.SERVINGS},,🍽 {0} {global.SERVINGS},,🍽 {0} {global.SERVINGS},,🍽 {0} {global.SERVINGS},,🍽 {0} {global.SERVINGS},,Porciones,
TIME_BADGE_MIN,28899582313226240,,⏱ {0} {global.TIME_MIN},,⏱ {0} {global.TIME_MIN},,⏱ {0} {global.TIME_MIN},,⏱ {0} {global.TIME_MIN},,⏱ {0} {global.TIME_MIN},,⏱ {0} {global.TIME_MIN},,⏱ {0} {global.TIME_MIN},,⏱ {0} {global.TIME_MIN},,⏱ {0} {global.TIME_MIN},
DIFF_HARD_BADGE,28901602873040896,,🔴 Hard,,🔴 Moeilijk,,🔴 Schwer,,🔴 Δύσκολο,,🔴 Difficile,,🔴 Vanskelig,,🔴 Trudne,,🔴 Težko,,🔴 Difícil,
DIFF_MED_BADGE,28901779868475392,,🟠 Medium,,🟠 Medium,,🟠 Mittel,,🟠 Μεσαίο,,🟠 Medio,,🟠 Middels,,🟠 Średni,,🟠 Srednje,,🟠 Medio,
DIFF_EASY_BADGE,28901897447399424,,🟢 Easy,,🟢 Makkelijk,,🟢 Einfach,,🟢 Εύκολο,,🟢 Facile,,🟢 Enkelt,,🟢 Łatwe,,🟢 Enostavno,,🟢 Fácil,
TOTAL_TIME,28902986997555200,,Total time,,Totale tijd,,Gesamtzeit,,Συνολικός χρόνος,,Tempo totale,,Total tid,,Czas całkowity,,Skupni čas,,Tiempo total,
TIME_MINUTES_MIN,28903160583020544,,min,,min,,min,,λεπτό,,min,,min,,min,,min,,min,
TIME_ROW_MIN,28906308236206080,,{0} {global.TIME_MIN},,{0} {global.TIME_MIN},,{0} {global.TIME_MIN},,{0} {global.TIME_MIN},,{0} {global.TIME_MIN},,{0} {global.TIME_MIN},,{0} {global.TIME_MIN},,{0} {global.TIME_MIN},,{0} {global.TIME_MIN},
PREPARATION_TIME,28907246254546944,,Preparation time,,Bereidingstijd,,Zubereitungszeit,,Χρόνος προετοιμασίας,,Tempo di preparazione,,Tilberedningstid,,Czas przygotowania,,Čas priprave,,Tiempo de preparación,
COOK_TIME,28907620969472000,,Cook time,,Kooktijd,,Garzeit,,Χρόνος μαγειρέματος,,Tempo di cottura,,Steketid,,Czas gotowania,,Čas kuhanja,,Tiempo de cocción,
SERVINGS,28908420210876416,,Servings,,Porties,,Portionen,,Μερίδες,,Porzioni,,Porsjoner,,Porcje,,Porcije,,Raciones,
DIFFICULTY,28909425992392704,,Difficulty,,Moeilijkheidsgraad,,Schwierigkeitsgrad,,Δυσκολία,,Difficoltà,,Vanskelighetsgrad,,Poziom trudności,,Težavnost,,Dificultad,
CUISINE,28910041263235072,,Cuisine,,Keuken,,Küche,,Κουζίνα,,Cucina,,Kjøkken,,Kuchnia,,Kuhinja,,Gastronomía,
CATEGORY,28910081239146496,,Category,,Categorie,,Kategorie,,Κατηγορία,,Categoria,,Kategori,,Kategoria,,Kategorija,,Categoría,
ECO_SCORE,28911397441101824,,Eco Score,,Eco-score,,Öko-Score,,Οικολογική βαθμολογία,,Punteggio ecologico,,Miljøpoeng,,Wynik ekologiczny,,Eko-ocena,,Puntuación ecológica,
ESTIMATED_PRICE,28911707144314880,,Estimated price,,Geschatte prijs,,Geschätzter Preis,,Εκτιμώμενη τιμή,,Prezzo stimato,,Anslått pris,,Szacunkowa cena,,Predvidena cena,,Precio estimado,
DEFAULT_SHOPPING_LIST_NAME,28917113388261376,,My List,,Mijn lijst,,Meine Liste,,Η λίστα μου,,La mia lista,,Min liste,,Moja lista,,Moj seznam,,Mi lista,
EDIT,29219345275019264,,Edit,,Bewerken,,Bearbeiten,,Επεξεργασία,,Modifica,,Rediger,,Edytuj,,Uredi,,Editar,
INVITE_CODE_COPIED,29226776210169856,,Invite code copied!,,De uitnodigingscode is gekopieerd!,,Einladungscode kopiert!,,Ο κωδικός πρόσκλησης αντιγράφηκε!,,Codice invito copiato!,,Invitasjonskoden er kopiert!,,Kod zaproszeniowy został skopiowany!,,Koda za povabilo je kopirana!,,¡Código de invitación copiado!,
CONFIRM_MAKE_ADMIN,29234156377464832,,Are you sure you want to make this user admin of the group?,,Weet je zeker dat je deze gebruiker beheerder van de groep wilt maken?,,Möchten Sie diesen Benutzer wirklich zum Administrator der Gruppe ernennen?,,Είστε σίγουροι ότι θέλετε να ορίσετε αυτόν τον χρήστη ως διαχειριστή της ομάδας;,,Sei sicuro di voler nominare questo utente amministratore del gruppo?,,Er du sikker på at du vil gjøre denne brukeren til administrator for gruppen?,,Czy na pewno chcesz nadać temu użytkownikowi uprawnienia administratora w tej grupie?,,"Ali ste prepričani, da želite tega uporabnika imenovati za skrbnika skupine?",,¿Estás seguro de que quieres nombrar a este usuario administrador del grupo?,
MEMBER_PROMOTED_ADMIN,29234503556784128,,The user has been promoted to admin,,De gebruiker is gepromoveerd tot beheerder,,Der Benutzer wurde zum Administrator befördert.,,Ο χρήστης προήχθη σε διαχειριστή,,L'utente è stato promosso ad amministratore,,Brukeren har blitt oppgradert til administrator,,Użytkownik został mianowany administratorem,,Uporabnik je bil povišan v administratorja,,El usuario ha sido ascendido a administrador,
TXT_REG_STEP_WELCOME,31123411232088064,,"Welcome to FOODMISSION! 
A citizen science platform to improve your sustainable and nutritional behaviours. 
Let's set up your account in a few simple steps.",,"Welkom bij FOODMISSION! 
Een burgerwetenschappelijk platform om je gedrag op het gebied van duurzaamheid en voeding te verbeteren. 
Laten we in een paar eenvoudige stappen je account aanmaken.",,"Willkommen bei FOODMISSION! 
Eine Citizen-Science-Plattform, die Ihnen dabei hilft, Ihr Verhalten in Bezug auf Nachhaltigkeit und Ernährung zu verbessern. 
Lassen Sie uns in wenigen einfachen Schritten Ihr Konto einrichten.",,"Καλώς ήρθατε στο FOODMISSION! 
Μια πλατφόρμα επιστήμης των πολιτών που στοχεύει στη βελτίωση των βιώσιμων και διατροφικών σας συνηθειών. 
Ας δημιουργήσουμε τον λογαριασμό σας με μερικά απλά βήματα.",,"Benvenuto su FOODMISSION! 
Una piattaforma di citizen science pensata per aiutarti a migliorare le tue abitudini in materia di sostenibilità e alimentazione. 
Creiamo il tuo account in pochi semplici passaggi.",,"Velkommen til FOODMISSION! 
En plattform for borgerforskning som skal hjelpe deg med å forbedre dine vaner når det gjelder bærekraft og ernæring. 
La oss opprette kontoen din i noen få enkle trinn.",,"Witamy w FOODMISSION! 
To platforma naukowa oparta na udziale obywateli, której celem jest poprawa Twoich nawyków związanych ze zrównoważonym odżywianiem. 
Załóż konto w kilku prostych krokach.",,"Dobrodošli na FOODMISSION! 
Platforma za državljansko znanost, ki vam pomaga izboljšati trajnostne navade in prehranske navade. 
V nekaj preprostih korakih si ustvarimo račun.",,"¡Bienvenido a FOODMISSION! 
Una plataforma de ciencia ciudadana para mejorar tus hábitos alimenticios y sostenibles. 
Vamos a crear tu cuenta en unos sencillos pasos.",
TXT_REG_STEP_USERNAME,31123536339787776,,Choose a username that will identify you in the FOODMISSION platform.,,Kies een gebruikersnaam waarmee je op het FOODMISSION-platform herkenbaar bent.,,"Wählen Sie einen Benutzernamen, unter dem Sie auf der FOODMISSION-Plattform erkennbar sind.",,Επιλέξτε ένα όνομα χρήστη που θα σας ταυτοποιεί στην πλατφόρμα FOODMISSION.,,Scegli un nome utente che ti identifichi sulla piattaforma FOODMISSION.,,Velg et brukernavn som skal identifisere deg på FOODMISSION-plattformen.,,"Wybierz nazwę użytkownika, która będzie Cię identyfikować na platformie FOODMISSION.",,"Izberite uporabniško ime, s katerim boste prepoznavni na platformi FOODMISSION.",,Elige un nombre de usuario que te identifique en la plataforma FOODMISSION.,
TXT_REG_STEP_EMAIL,31124113580875776,,Enter your email address. We will use it to secure your account and send only important updates.,,Vul je e-mailadres in. We gebruiken dit om je account te beveiligen en sturen je alleen belangrijke updates.,,"Geben Sie Ihre E-Mail-Adresse ein. Wir verwenden sie, um Ihr Konto zu sichern und Ihnen ausschließlich wichtige Updates zuzusenden.",,Εισάγετε τη διεύθυνση email σας. Θα τη χρησιμοποιήσουμε για την ασφάλεια του λογαριασμού σας και για να σας στέλνουμε μόνο σημαντικές ενημερώσεις.,,Inserisci il tuo indirizzo e-mail. Lo useremo per proteggere il tuo account e per inviarti solo aggiornamenti importanti.,,Skriv inn e-postadressen din. Vi vil bruke den til å sikre kontoen din og kun sende deg viktige oppdateringer.,,Wpisz swój adres e-mail. Wykorzystamy go do zabezpieczenia Twojego konta i będziemy wysyłać wyłącznie ważne informacje.,,Vnesite svoj e-poštni naslov. Uporabili ga bomo za zaščito vašega računa in pošiljanje le pomembnih obvestil.,,Introduce tu dirección de correo electrónico. La utilizaremos para proteger tu cuenta y enviarte únicamente actualizaciones importantes.,
TXT_REG_STEP_PASSWORD,31124276500226048,,Create a secure password with at least 6 characters to protect your account.,,Maak een veilig wachtwoord aan met minimaal 6 tekens om je account te beveiligen.,,"Erstellen Sie ein sicheres Passwort mit mindestens 6 Zeichen, um Ihr Konto zu schützen.",,Δημιουργήστε έναν ασφαλή κωδικό πρόσβασης με τουλάχιστον 6 χαρακτήρες για να προστατεύσετε τον λογαριασμό σας.,,Crea una password sicura di almeno 6 caratteri per proteggere il tuo account.,,Opprett et sikkert passord med minst 6 tegn for å beskytte kontoen din.,,"Utwórz bezpieczne hasło składające się z co najmniej 6 znaków, aby zabezpieczyć swoje konto.",,"Ustvarite varno geslo z najmanj 6 znaki, da zaščitite svoj račun.",,Crea una contraseña segura de al menos 6 caracteres para proteger tu cuenta.,
TXT_REG_STEP_BIRTHYEAR,31124326903177216,,Tell us your year of birth. This helps us adapt research activities and recommendations.,,Geef ons je geboortejaar door. Dit helpt ons om onze onderzoeksactiviteiten en aanbevelingen hierop af te stemmen.,,"Teilen Sie uns bitte Ihr Geburtsjahr mit. Das hilft uns dabei, unsere Forschungsaktivitäten und Empfehlungen entsprechend anzupassen.",,Πείτε μας το έτος γέννησής σας. Αυτό μας βοηθά να προσαρμόσουμε τις ερευνητικές μας δραστηριότητες και τις συστάσεις μας.,,Indicaci il tuo anno di nascita. Questo ci aiuta ad adattare le attività di ricerca e i consigli.,,Oppgi fødselsåret ditt. Dette hjelper oss med å tilpasse forskningsaktiviteter og anbefalinger.,,Podaj nam swój rok urodzenia. Pomoże nam to dostosować działania badawcze i zalecenia.,,"Povejte nam, v katerem letu ste se rodili. To nam pomaga prilagoditi raziskovalne dejavnosti in priporočila.",,Indícanos tu año de nacimiento. Esto nos ayuda a adaptar las actividades de investigación y las recomendaciones.,
TXT_REG_STEP_LOCATION,31124438433914880,,Select your country of residence and region to connect with local initiatives and geographical statistics.,,Selecteer het land waar u woont en de regio om toegang te krijgen tot lokale initiatieven en geografische statistieken.,,"Wählen Sie Ihr Wohnsitzland und Ihre Region aus, um sich über lokale Initiativen und geografische Statistiken zu informieren.",,Επιλέξτε τη χώρα διαμονής σας και την περιοχή σας για να ενημερωθείτε σχετικά με τοπικές πρωτοβουλίες και γεωγραφικά στατιστικά στοιχεία.,,Seleziona il tuo paese di residenza e la tua regione per scoprire le iniziative locali e le statistiche relative alla tua zona.,,Velg bostedsland og region for å få tilgang til lokale tiltak og geografiske statistikker.,,"Wybierz kraj zamieszkania i region, aby zapoznać się z lokalnymi inicjatywami i danymi statystycznymi dotyczącymi danego obszaru.",,"Izberite državo prebivališča in regijo, da se seznanite z lokalnimi pobudami in geografskimi statističnimi podatki.",,Selecciona tu país de residencia y tu región para conocer las iniciativas locales y las estadísticas geográficas.,
TXT_REG_STEP_TERMS,31124560802734080,,Please review and accept our Terms and Conditions to proceed.,,Lees onze Algemene Voorwaarden door en ga hiermee akkoord om verder te gaan.,,"Bitte lesen Sie unsere Allgemeinen Geschäftsbedingungen durch und stimmen Sie ihnen zu, um fortzufahren.",,Παρακαλούμε διαβάστε και αποδεχτείτε τους Όρους και Προϋποθέσεις μας για να συνεχίσετε.,,Ti preghiamo di leggere e accettare i nostri Termini e condizioni per poter procedere.,,Les gjennom og godta våre vilkår og betingelser for å fortsette.,,"Aby kontynuować, prosimy o zapoznanie się z naszymi Warunkami korzystania z serwisu i ich akceptację.",,"Preberite in sprejmite naše splošne pogoje, da boste lahko nadaljevali.",,"Por favor, lee y acepta nuestros Términos y condiciones para continuar.",
TXT_REG_STEP_PRIVACY,31124623998312448,,Please review and accept our Privacy Policy to understand how we protect your data.,,"Lees ons privacybeleid door en ga hiermee akkoord, zodat u weet hoe wij uw gegevens beschermen.",,"Bitte lesen Sie unsere Datenschutzerklärung durch und stimmen Sie ihr zu, um zu erfahren, wie wir Ihre Daten schützen.",,"Παρακαλούμε διαβάστε και αποδεχτείτε την Πολιτική Απορρήτου μας, ώστε να κατανοήσετε πώς προστατεύουμε τα δεδομένα σας.",,Ti invitiamo a leggere e accettare la nostra Informativa sulla privacy per capire come proteggiamo i tuoi dati.,,Vennligst les gjennom og godta personvernerklæringen vår for å forstå hvordan vi beskytter opplysningene dine.,,"Prosimy o zapoznanie się z naszą Polityką prywatności i wyrażenie zgody na jej warunki, aby dowiedzieć się, w jaki sposób chronimy Państwa dane.",,"Prosimo, da si preberete in sprejmete našo politiko zasebnosti, da boste razumeli, kako varujemo vaše podatke.",,"Por favor, revisa y acepta nuestra Política de privacidad para saber cómo protegemos tus datos.",
TXT_REG_STEP_CONSENT,31124709910241280,,Please review and accept the Informed Consent Form to participate in the FOODMISSION pilot study.,,Lees het formulier voor geïnformeerde toestemming door en ga hiermee akkoord om deel te nemen aan het FOODMISSION-pilootonderzoek.,,Bitte lesen Sie das Einverständnisformular zur Teilnahme an der FOODMISSION-Pilotstudie durch und stimmen Sie diesem zu.,,Παρακαλούμε να διαβάσετε και να αποδεχτείτε το Έντυπο Ενημερωμένης Συγκατάθεσης για τη συμμετοχή σας στην πιλοτική μελέτη FOODMISSION.,,Si prega di leggere e accettare il modulo di consenso informato per partecipare allo studio pilota FOODMISSION.,,Vennligst les gjennom og godta skjemaet for informert samtykke for å delta i FOODMISSION-pilotstudien.,,Prosimy o zapoznanie się z formularzem świadomej zgody oraz jego podpisanie w celu wzięcia udziału w badaniu pilotażowym FOODMISSION.,,"Prosimo, da si ogledate in potrdite obrazec o prostovoljnem soglasju za sodelovanje v pilotni študiji FOODMISSION.",,"Por favor, revisa y acepta el formulario de consentimiento informado para participar en el estudio piloto FOODMISSION.",
ACCEPT_PRIVACY,31124844652257280,,I accept the Privacy Policy,,Ik ga akkoord met het privacybeleid,,Ich stimme der Datenschutzerklärung zu,,Αποδέχομαι την Πολιτική Απορρήτου,,Accetto l'Informativa sulla privacy,,Jeg godtar personvernerklæringen,,Akceptuję Politykę prywatności,,Strinjam se s politiko zasebnosti,,Acepto la Política de privacidad,
ACCEPT_PILOT_CONSENT,31125157933211648,,I consent to participate in the pilot study,,Ik geef toestemming om deel te nemen aan het pilotonderzoek,,Ich stimme der Teilnahme an der Pilotstudie zu,,Συμφωνώ να συμμετάσχω στην πιλοτική μελέτη,,Acconsento a partecipare allo studio pilota,,Jeg samtykker i å delta i pilotstudien,,Wyrażam zgodę na udział w badaniu pilotażowym,,Strinjam se s sodelovanjem v pilotni študiji,,Doy mi consentimiento para participar en el estudio piloto.,
BTN_READ_TERMS,31125240456142848,,Read Terms & Conditions,,Lees de algemene voorwaarden,,Allgemeine Geschäftsbedingungen lesen,,Διαβάστε τους Όρους και Προϋποθέσεις,,Leggi i Termini e le Condizioni,,Les vilkårene og betingelsene,,Zapoznaj się z warunkami korzystania z serwisu,,Preberite pogoje in določila,,Lee los términos y condiciones,
BTN_READ_PRIVACY,31125292482289664,,Read Privacy Policy,,Lees het privacybeleid,,Datenschutzerklärung lesen,,Διαβάστε την Πολιτική Απορρήτου,,Leggi l'Informativa sulla privacy,,Les personvernerklæringen,,Zapoznaj się z Polityką prywatności,,Preberite politiko zasebnosti,,Leer la política de privacidad,
BTN_READ_CONSENT,31125361180794880,,Read Pilot Study Consent Form,,Lees het toestemmingsformulier voor het pilotonderzoek,,Einverständniserklärung zur Pilotstudie lesen,,Διαβάστε το έντυπο συγκατάθεσης για την πιλοτική μελέτη,,Leggi il modulo di consenso per lo studio pilota,,Les samtykkeskjemaet for pilotstudien,,Zapoznaj się z formularzem zgody na udział w badaniu pilotażowym,,Preberite obrazec za soglasje za pilotno študijo,,Lea el formulario de consentimiento del estudio piloto,
PLACEHOLDER_USERNAME,31126126712578048,,Choose username,,Kies een gebruikersnaam,,Benutzernamen auswählen,,Επιλέξτε όνομα χρήστη,,Scegli un nome utente,,Velg brukernavn,,Wybierz nazwę użytkownika,,Izberi uporabniško ime,,Elige un nombre de usuario,
PLACEHOLDER_PASSWORD,31126448877068288,,Minimum 6 characters,,Minimaal 6 tekens,,Mindestens 6 Zeichen,,Τουλάχιστον 6 χαρακτήρες,,Almeno 6 caratteri,,Minst 6 tegn,,Co najmniej 6 znaków,,Najmanj 6 znakov,,Mínimo 6 caracteres,
LABEL_POSTAL_CODE,31126680599781376,,Postal Code,,Postcode,,Postleitzahl,,Ταχυδρομικός κώδικας,,Codice postale,,Postnummer,,Kod pocztowy,,Poštna številka,,Código postal,
PLACEHOLDER_POSTAL_CODE,31126932849418240,,e.g. 28001,,bijv. 28001,,z. B. 28001,,π.χ. 28001,,ad es. 28001,,f.eks. 28001,,np. 28001,,npr. 28001,,"p. ej., 28001",
PRIVACY_POLICY_TITLE,31127125703516160,,Privacy Policy,,Privacybeleid,,Datenschutzerklärung,,Πολιτική απορρήτου,,Informativa sulla privacy,,Personvernerklæring,,Polityka prywatności,,Politika varstva zasebnosti,,Política de privacidad,
PILOT_CONSENT_TITLE,31127159106953216,,Pilot Study Informed Consent,,Informed Consent voor een pilotstudie,,Einverständniserklärung zur Pilotstudie,,Πιλοτική μελέτη – Συγκατάθεση μετά από ενημέρωση,,Consenso informato per lo studio pilota,,Informert samtykke til pilotstudie,,Badanie pilotażowe – świadoma zgoda,,Pilotna študija – prostovoljna privolitev,,Estudio piloto: consentimiento informado,
MEMBER_YEAR_OF_BIRTH_PLACEHOLDER,33345134950080512,,Select your year of birth,,Kies je geboortejaar,,Wählen Sie Ihr Geburtsjahr aus,,Επιλέξτε το έτος γέννησής σας,,Seleziona il tuo anno di nascita,,Velg fødselsår,,Wybierz rok urodzenia,,Izberite leto rojstva,,Selecciona tu año de nacimiento,
WELCOME_TO_FOODMISSION,33550412991684608,,Welcome to FOODMISSION!,,Welkom bij FOODMISSION!,,Willkommen bei FOODMISSION!,,Καλώς ήρθατε στο FOODMISSION!,,Benvenuti su FOODMISSION!,,Velkommen til FOODMISSION!,,Witamy w FOODMISSION!,,Dobrodošli v FOODMISSION!,,¡Bienvenido a FOODMISSION!,
MSG_NO_PILOT_COUNTRY,33625641466191872,,"There's no pilot running in your country
You can explore and use the platform, but your data won't be used for the pilot research.",,"Er loopt geen proefproject in jouw land.
Je kunt het platform verkennen en gebruiken, maar je gegevens worden niet gebruikt voor het onderzoek in het kader van het proefproject.",,"In Ihrem Land läuft derzeit kein Pilotprojekt.
Sie können die Plattform erkunden und nutzen, Ihre Daten werden jedoch nicht für die Pilotstudie herangezogen.",,"Στη χώρα σας δεν διεξάγεται πιλοτικό πρόγραμμα
Μπορείτε να εξερευνήσετε και να χρησιμοποιήσετε την πλατφόρμα, αλλά τα δεδομένα σας δεν θα χρησιμοποιηθούν για την έρευνα του πιλοτικού προγράμματος.",,"Nel tuo Paese non è in corso alcun progetto pilota.
Puoi esplorare e utilizzare la piattaforma, ma i tuoi dati non saranno utilizzati ai fini della ricerca del progetto pilota.",,"Det pågår ingen pilotundersøkelse i ditt land.
Du kan utforske og bruke plattformen, men dataene dine vil ikke bli brukt i pilotundersøkelsen.",,"W Twoim kraju nie jest prowadzony żaden program pilotażowy.
Możesz zapoznać się z platformą i z niej korzystać, ale Twoje dane nie zostaną wykorzystane w badaniach w ramach programu pilotażowego.",,"V vaši državi se pilotni projekt ne izvaja.
Platformo lahko raziskujete in uporabljate, vendar vaši podatki ne bodo uporabljeni za raziskavo v okviru pilotnega projekta.",,"En tu país no hay ningún piloto del proyecto en marcha.
Puedes explorar y utilizar la plataforma, pero tus datos no se utilizarán para la investigación del piloto del proyecto.",
ONBOARDING_PROFILE.NUTRI_STEP_0,34022749457342464,,"Hello! To personalise your experience on Foodmission and help you achieve your goals, we’d like to get to know you a bit better. Are you up for it?

Please answer a few optional questions so that we can personalise your tips, recipe suggestions and daily challenges.",,"Hallo! Om je ervaring op Foodmission op maat te maken en je te helpen je doelen te bereiken, willen we je graag wat beter leren kennen. Heb je daar zin in?

Beantwoord dan een paar optionele vragen, zodat we je tips, receptsuggesties en dagelijkse uitdagingen op maat kunnen maken.",,"Hallo! Um dein Erlebnis auf Foodmission individuell anzupassen und dir dabei zu helfen, deine Ziele zu erreichen, möchten wir dich gerne etwas besser kennenlernen. Hast du Lust dazu?

Bitte beantworte ein paar freiwillige Fragen, damit wir unsere Tipps, Rezeptvorschläge und täglichen Herausforderungen individuell auf dich abstimmen können.",,"Γεια σου! Για να εξατομικεύσουμε την εμπειρία σου στο Foodmission και να σε βοηθήσουμε να πετύχεις τους στόχους σου, θα θέλαμε να σε γνωρίσουμε λίγο καλύτερα. Είσαι έτοιμος;

Παρακαλούμε απάντησε σε μερικές προαιρετικές ερωτήσεις, ώστε να μπορέσουμε να εξατομικεύσουμε τις συμβουλές, τις προτάσεις συνταγών και τις καθημερινές προκλήσεις σου.",,"Ciao! Per personalizzare la tua esperienza su Foodmission e aiutarti a raggiungere i tuoi obiettivi, vorremmo conoscerti un po’ meglio. Ti va?

Rispondi a qualche domanda facoltativa, così potremo personalizzare i tuoi consigli, i suggerimenti sulle ricette e le sfide quotidiane.",,"Hei! For å tilpasse opplevelsen din på Foodmission og hjelpe deg med å nå målene dine, vil vi gjerne bli litt bedre kjent med deg. Er du med på det?

Svar gjerne på noen valgfrie spørsmål, slik at vi kan tilpasse tipsene, oppskriftsforslagene og de daglige utfordringene dine.",,"Witaj! Aby dostosować Twoje doświadczenia na Foodmission do Twoich potrzeb i pomóc Ci osiągnąć Twoje cele, chcielibyśmy Cię nieco lepiej poznać. Masz na to ochotę?

Odpowiedz proszę na kilka opcjonalnych pytań, abyśmy mogli dostosować do Ciebie porady, propozycje przepisów i codzienne wyzwania.",,"Pozdravljeni! Da bi vam lahko prilagodili izkušnjo na Foodmissionu in vam pomagali doseči vaše cilje, bi vas radi malo bolje spoznali. Ste za to?

Prosimo, odgovorite na nekaj neobveznih vprašanj, da bomo lahko prilagodili vaše nasvete, predloge receptov in dnevne izzive.",,"¡Hola! Para personalizar tu experiencia en Foodmission y ayudarte a alcanzar tus objetivos, nos gustaría conocerte un poco mejor. ¿Te apetece?

Responde a unas cuantas preguntas opcionales para que podamos personalizar tus consejos, sugerencias de recetas y retos diarios.",
ONBOARDING_PROFILE.NUTRI_STEP_1,34022967284326400,,What motivates you most about joining Foodmission? Tell us what your main goal is.,,Wat spreekt je het meest aan om bij Foodmission te komen werken? Vertel ons wat je belangrijkste doel is.,,"Was motiviert Sie am meisten, bei Foodmission einzusteigen? Verraten Sie uns, was Ihr Hauptziel ist.",,Τι σε παρακινεί περισσότερο να ενταχθείς στη Foodmission; Πες μας ποιος είναι ο κύριος στόχος σου.,,Cosa ti spinge maggiormente a entrare a far parte di Foodmission? Raccontaci qual è il tuo obiettivo principale.,,Hva er det som motiverer deg mest til å bli med i Foodmission? Fortell oss hva ditt viktigste mål er.,,"Co najbardziej motywuje Cię do dołączenia do Foodmission? Opowiedz nam, jaki jest Twój główny cel.",,"Kaj vas najbolj motivira, da bi se pridružili podjetju Foodmission? Povejte nam, kakšen je vaš glavni cilj.",,¿Qué es lo que más te motiva de unirte a Foodmission? Cuéntanos tu principal objetivo.,
ONBOARDING_PROFILE.NUTRI_STEP_2,34023051975712768,,A few details about you help us tailor the app to people in your circle and age group.,,Een paar gegevens over jou helpen ons om de app af te stemmen op mensen in je omgeving en je leeftijdsgroep.,,"Ein paar Angaben zu deiner Person helfen uns dabei, die App auf die Menschen in deinem Umfeld und deiner Altersgruppe zuzuschneiden.",,Μερικές πληροφορίες για εσάς μας βοηθούν να προσαρμόσουμε την εφαρμογή στα άτομα του κύκλου σας και της ηλικιακής σας ομάδας.,,Alcune informazioni su di te ci aiutano a personalizzare l'app in base alle persone della tua cerchia e alla tua fascia d'età.,,Noen få opplysninger om deg hjelper oss med å tilpasse appen til folk i din omgangskrets og aldersgruppe.,,Kilka informacji o Tobie pomoże nam dostosować aplikację do osób z Twojego otoczenia i z Twojej grupy wiekowej.,,Nekaj podatkov o tebi nam pomaga prilagoditi aplikacijo ljudem iz tvojega kroga in tvoje starostne skupine.,,Unos pocos datos sobre ti nos ayudan a adaptar la app a personas de tu entorno y grupo de edad.,
ONBOARDING_PROFILE.NUTRI_STEP_3,34023332885028864,,Do you follow any special dietary requirements? This will help us to recommend suitable recipes and products.,,Houdt u zich aan bepaalde dieetvoorschriften? Dit helpt ons om geschikte recepten en producten aan te bevelen.,,"Befolgen Sie bestimmte Ernährungsvorschriften? Das hilft uns dabei, Ihnen passende Rezepte und Produkte zu empfehlen.",,Ακολουθείτε κάποια ειδική διατροφική δίαιτα; Αυτό θα μας βοηθήσει να σας προτείνουμε κατάλληλες συνταγές και προϊόντα.,,Segui qualche regime alimentare particolare? Questo ci aiuterà a consigliarti ricette e prodotti adatti alle tue esigenze.,,Følger du noen spesielle kostholdsregler? Dette vil hjelpe oss med å anbefale passende oppskrifter og produkter.,,Czy przestrzegasz jakichś szczególnych zaleceń żywieniowych? Dzięki temu będziemy mogli zaproponować Ci odpowiednie przepisy i produkty.,,"Ali upoštevate kakšne posebne prehranske zahteve? To nam bo pomagalo, da vam bomo lahko priporočili ustrezne recepte in izdelke.",,¿Sigues algún tipo de alimentación especial? Esto nos ayudará a recomendarte recetas y productos idóneos.,
ONBOARDING_PROFILE.NUTRI_STEP_4,34027969428054016,,Understanding your daily routines enables us to give you advice that fits in with your real-life.,,Door inzicht te krijgen in uw dagelijkse routines kunnen wij u advies geven dat aansluit bij uw dagelijkse leven.,,"Wenn wir Ihre täglichen Abläufe kennen, können wir Ihnen Ratschläge geben, die zu Ihrem Alltag passen.",,Η κατανόηση των καθημερινών σας συνηθειών μας επιτρέπει να σας προσφέρουμε συμβουλές που ταιριάζουν στην πραγματική σας ζωή.,,Comprendere le tue abitudini quotidiane ci permette di darti consigli che si adattino alla tua vita di tutti i giorni.,,Ved å forstå dine daglige rutiner kan vi gi deg råd som passer inn i hverdagen din.,,"Zrozumienie Twoich codziennych nawyków pozwala nam udzielać Ci porad, które idealnie wpisują się w Twoje codzienne życie.",,"Spoznavanje vaših dnevnih navad nam omogoča, da vam ponudimo nasvete, ki se prilegajo vašemu vsakdanjemu življenju.",,Conocer tus hábitos diarios nos permite darte consejos que se adapten a tu ritmo de vida real.,
ONBOARDING_PROFILE.NUTRI_STEP_5,34032508952633344,,Choose the option that best describes your sustainable and healthy eating habits.,,Kies de optie die het beste aansluit bij jouw duurzame en gezonde eetgewoonten.,,"Wählen Sie die Option aus, die Ihre nachhaltigen und gesunden Ernährungsgewohnheiten am besten beschreibt.",,Επιλέξτε την επιλογή που περιγράφει καλύτερα τις βιώσιμες και υγιεινές διατροφικές σας συνήθειες.,,Scegli l'opzione che meglio descrive le tue abitudini alimentari sostenibili e salutari.,,Velg det alternativet som best beskriver dine bærekraftige og sunne spisevaner.,,"Wybierz opcję, która najlepiej opisuje Twoje nawyki żywieniowe zgodne z zasadami zrównoważonego rozwoju i zdrowego odżywiania.",,"Izberite možnost, ki najbolje opisuje vaše trajnostne in zdrave prehranjevalne navade.",,Elige la opción que mejor describe tus hábitos de alimentación sostenible y saludable.,
ONBOARDING_PROFILE.LABEL_MOTIVATION,34037819398676480,,Main Motivation,,Belangrijkste drijfveer,,Hauptmotivation,,Κύριο κίνητρο,,Motivazione principale,,Hovedmotivasjon,,Główna motywacja,,Glavni motiv,,Motivación Principal,
ONBOARDING_PROFILE.PLACEHOLDER_MOTIVATION,34037939833921536,,Select your main objective,,Kies je belangrijkste doel,,Wählen Sie Ihr Hauptziel aus,,Επιλέξτε τον κύριο στόχο σας,,Seleziona il tuo obiettivo principale,,Velg hovedmålet ditt,,Wybierz swój główny cel,,Izberite svoj glavni cilj,,Selecciona tu objetivo principal,
ONBOARDING_PROFILE.PLACEHOLDER_GENDER,34038583797997568,,Select your genre,,Kies je genre,,Wählen Sie Ihr Genre aus,,Επιλέξτε το είδος σας,,Scegli il genere,,Velg sjanger,,Wybierz gatunek,,Izberite žanr,,Selecciona tu género,
ONBOARDING_PROFILE.LABEL_EDUCATION,34038675313516544,,Level of Education,,Opleidingsniveau,,Bildungsniveau,,Επίπεδο εκπαίδευσης,,Livello di istruzione,,Utdanningsnivå,,Poziom wykształcenia,,Raven izobrazbe,,Nivel de Estudios,
ONBOARDING_PROFILE.PLACEHOLDER_EDUCATION,34038791491543040,,Select your level of education,,Kies je opleidingsniveau,,Wählen Sie Ihren Bildungsabschluss aus,,Επιλέξτε το επίπεδο εκπαίδευσής σας,,Seleziona il tuo livello di istruzione,,Velg utdanningsnivå,,Wybierz poziom wykształcenia,,Izberite svojo stopnjo izobrazbe,,Selecciona nivel de estudios,
ONBOARDING_PROFILE.LABEL_INCOME,34038925629579264,,Annual Income Range,,Jaarinkomen (bereik),,Jährliches Einkommensspektrum,,Εύρος ετήσιου εισοδήματος,,Fascia di reddito annuo,,Årlig inntektsspenn,,Zakres rocznych dochodów,,Razpon letnega dohodka,,Rango de Ingresos Anuales,
ONBOARDING_PROFILE.PLACEHOLDER_INCOME,34039030617202688,,Select annual income range,,Selecteer een inkomensklasse,,Wählen Sie eine Einkommensspanne aus,,Επιλέξτε το εύρος ετήσιου εισοδήματος,,Seleziona la fascia di reddito annuo,,Velg inntektsintervall for året,,Wybierz przedział rocznego dochodu,,Izberite razpon letnega dohodka,,Selecciona rango de ingresos anual,
ONBOARDING_PROFILE.LABEL_DIET,34039177296207872,,Food Preferences,,Voedselvoorkeuren,,Essgewohnheiten,,Διατροφικές προτιμήσεις,,Preferenze alimentari,,Matpreferanser,,Preferencje żywieniowe,,Prehranske navade,,Preferencias Alimentarias,
ONBOARDING_PROFILE.PLACEHOLDER_DIET,34039865006874624,,None selected,,Niets geselecteerd,,Keine Auswahl,,Δεν έχει επιλεγεί κανένα,,Nessuno selezionato,,Ingen valgt,,Nie wybrano żadnej opcji,,Ni izbranih,,No se ha seleccionado ninguna opción,
ONBOARDING_PROFILE.LABEL_ACTIVITY,34039990223626240,,Level of Physical Activity,,Mate van lichamelijke activiteit,,Grad der körperlichen Aktivität,,Επίπεδο σωματικής δραστηριότητας,,Livello di attività fisica,,Fysisk aktivitetsnivå,,Poziom aktywności fizycznej,,Stopnja telesne aktivnosti,,Nivel de Actividad Física,
ONBOARDING_PROFILE.PLACEHOLDER_ACTIVITY,34040218603479040,,Select activity level,,Kies een activiteitsniveau,,Aktivitätsstufe auswählen,,Επιλέξτε επίπεδο δραστηριότητας,,Seleziona il livello di attività,,Velg aktivitetsnivå,,Wybierz poziom aktywności,,Izberite stopnjo aktivnosti,,Selecciona nivel de actividad,
ONBOARDING_PROFILE.LABEL_SHOPPING,34040348811452416,,Shopping Responsibility,,Verantwoord winkelen,,Verantwortungsbewusstes Einkaufen,,Υπεύθυνη κατανάλωση,,Acquisti responsabili,,Ansvarlig shopping,,Odpowiedzialność za zakupy,,Odgovorno nakupovanje,,Responsabilidad de Compra,
ONBOARDING_PROFILE.PLACEHOLDER_SHOPPING,34040572049088512,,Select your level of responsibility,,Kies uw verantwoordelijkheidsniveau,,Wählen Sie Ihren Verantwortungsbereich aus,,Επιλέξτε το επίπεδο ευθύνης σας,,Seleziona il tuo livello di responsabilità,,Velg ansvarsnivå,,Wybierz poziom odpowiedzialności,,Izberite stopnjo odgovornosti,,Selecciona tu nivel de responsabilidad,
ONBOARDING_PROFILE.LABEL_DAILY_TIME,34040672355868672,,How much time can you spend using this app each day?,,Hoeveel tijd kun je elke dag aan deze app besteden?,,Wie viel Zeit kannst du täglich mit dieser App verbringen?,,Πόσο χρόνο μπορείς να αφιερώνεις καθημερινά στη χρήση αυτής της εφαρμογής;,,Quanto tempo riesci a dedicare a questa app ogni giorno?,,Hvor mye tid kan du bruke på denne appen hver dag?,,Ile czasu dziennie możesz poświęcić na korzystanie z tej aplikacji?,,Koliko časa lahko vsak dan preživite z uporabo te aplikacije?,,¿Que tiempo puedes dedicar al uso de esta app cada día?,
ONBOARDING_PROFILE.PLACEHOLDER_DAILY_TIME,34040837200404480,,Select estimated time,,Selecteer geschatte tijd,,Geschätzte Zeit auswählen,,Επιλέξτε τον εκτιμώμενο χρόνο,,Seleziona la durata stimata,,Velg forventet tid,,Wybierz szacowany czas,,Izberite predviden čas,,Selecciona tiempo estimado,
ONBOARDING_PROFILE.LABEL_SEGMENT,34040936672518144,,Sustainable habits profile,,Profiel van duurzame gewoonten,,Profil zu nachhaltigen Gewohnheiten,,Προφίλ βιώσιμων συνηθειών,,Profilo delle abitudini sostenibili,,Profil for bærekraftige vaner,,Profil nawyków sprzyjających zrównoważonemu rozwojowi,,Profil trajnostnih navad,,Perfil de habitos sostenibles,
ONBOARDING_PROFILE.PLACEHOLDER_SEGMENT,34041135683854336,,Select your type,,Kies het type,,Wählen Sie Ihren Typ aus,,Επιλέξτε τον τύπο σας,,Seleziona il tipo,,Velg type,,Wybierz typ,,Izberite vrsto,,Selecciona tu tipo,
ONBOARDING_PROFILE.WELCOME_DESC,34041809595260928,,"Please answer a few optional questions so that we can personalise your tips, recipe suggestions and daily challenges.",,"Beantwoord alstublieft een paar optionele vragen, zodat we onze tips, receptsuggesties en dagelijkse uitdagingen op u kunnen afstemmen.",,"Bitte beantworte ein paar optionale Fragen, damit wir unsere Tipps, Rezeptvorschläge und täglichen Herausforderungen individuell auf dich zuschneiden können.",,"Παρακαλούμε απαντήστε σε μερικές προαιρετικές ερωτήσεις, ώστε να μπορέσουμε να προσαρμόσουμε τις συμβουλές, τις προτάσεις συνταγών και τις καθημερινές προκλήσεις σας.",,"Ti preghiamo di rispondere ad alcune domande facoltative, in modo da poterti offrire consigli personalizzati, suggerimenti sulle ricette e sfide quotidiane.",,"Vennligst svar på noen valgfrie spørsmål, slik at vi kan tilpasse tipsene, oppskriftsforslagene og de daglige utfordringene dine.",,"Prosimy o udzielenie odpowiedzi na kilka opcjonalnych pytań, abyśmy mogli dostosować do Ciebie porady, propozycje przepisów i codzienne wyzwania.",,"Prosimo, odgovorite na nekaj neobveznih vprašanj, da bomo lahko prilagodili vaše nasvete, predloge receptov in dnevne izzive.",,"Responde a unas breves preguntas opcionales para que podamos personalizar tus consejos, recomendaciones de recetas y retos diarios.",
ONBOARDING_PROFILE.NUTRI_STEP_6,37253702120103936,,"Stay on track! Enable push notifications so you don't miss daily challenges, meal logs, and pantry expiry alerts. We will not bother you, just useful reminders.",,"Blijf op koers! Schakel pushmeldingen in, zodat je dagelijkse uitdagingen, maaltijdverslagen en waarschuwingen over de houdbaarheidsdatum van producten in je voorraadkast niet mist. We zullen je niet lastigvallen, alleen nuttige herinneringen sturen.",,"Bleib am Ball! Aktiviere Push-Benachrichtigungen, damit du keine täglichen Herausforderungen, Ernährungsprotokolle und Hinweise auf ablaufende Vorräte verpasst. Wir werden dich nicht stören, sondern dir nur nützliche Erinnerungen schicken.",,"Μείνετε στο σωστό δρόμο! Ενεργοποιήστε τις ειδοποιήσεις push για να μην χάσετε τις καθημερινές προκλήσεις, τις καταγραφές γευμάτων και τις ειδοποιήσεις για τη λήξη των τροφίμων. Δεν θα σας ενοχλούμε, θα σας στέλνουμε μόνο χρήσιμες υπενθυμίσεις.",,"Rimani in carreggiata! Attiva le notifiche push per non perdere le sfide quotidiane, i registri dei pasti e gli avvisi sulle scadenze dei prodotti in dispensa. Non ti disturberemo: ti invieremo solo promemoria utili.",,"Hold deg på rett spor! Slå på push-varsler, så du ikke går glipp av daglige utfordringer, måltidslogger og varsler om utløpsdatoer i spiskammeret. Vi skal ikke forstyrre deg – bare gi deg nyttige påminnelser.",,"Nie trać z oczu swoich celów! Włącz powiadomienia push, aby nie przegapić codziennych wyzwań, wpisów dotyczących posiłków oraz alertów o terminach ważności produktów w spiżarni. Nie będziemy Ci przeszkadzać – to tylko przydatne przypomnienia.",,"Ostani na pravi poti! Vklopi obvestila, da ne boš zamudil dnevnih izzivov, beleženja obrokov in opozoril o izteku roka uporabe živil v shrambi. Ne bomo te motili, pošiljali ti bomo le koristna opozorila.",,"¡No pierdas el rumbo! Activa las notificaciones push para no perderte los retos diarios, los registros de comidas y las alertas sobre la fecha de caducidad de los productos de la despensa. No te molestaremos, solo te enviaremos recordatorios útiles.",
ONBOARDING_PROFILE.NUTRI_STEP_7,37253702120103937,,What time would you prefer to receive your daily reminders to log meals or check your pantry?,,Op welk tijdstip zou je het liefst je dagelijkse herinneringen ontvangen om je maaltijden bij te houden of je voorraadkast te controleren?,,"Zu welcher Uhrzeit möchten Sie am liebsten Ihre täglichen Erinnerungen erhalten, um Ihre Mahlzeiten einzutragen oder Ihren Vorratsschrank zu überprüfen?",,Τι ώρα θα προτιμούσατε να λαμβάνετε τις καθημερινές σας υπενθυμίσεις για να καταγράφετε τα γεύματά σας ή να ελέγχετε το ντουλάπι σας;,,A che ora preferiresti ricevere i promemoria quotidiani per registrare i pasti o controllare la dispensa?,,Hvilket tidspunkt foretrekker du å motta de daglige påminnelsene om å registrere måltider eller sjekke matforrådet?,,O której godzinie wolałbyś otrzymywać codzienne przypomnienia o rejestrowaniu posiłków lub sprawdzaniu zawartości spiżarni?,,Ob kateri uri bi želeli prejemati dnevna opozorila za vnos obrokov ali pregled shrambe?,,¿A qué hora preferirías recibir tus recordatorios diarios para registrar las comidas o revisar la despensa?,
ONBOARDING_PROFILE.LABEL_NOTIFICATIONS,37253702120103938,,Push Notifications,,Pushmeldingen,,Push-Benachrichtigungen,,Ειδοποιήσεις μέσω push,,Notifiche push,,Push-varsler,,Powiadomienia push,,Obvestila s potrditvijo,,Notificaciones push,
ONBOARDING_PROFILE.PLACEHOLDER_NOTIFICATIONS,37253702120103939,,Choose whether to enable notifications,,Kies of je meldingen wilt inschakelen,,"Wählen Sie aus, ob Sie Benachrichtigungen aktivieren möchten",,Επιλέξτε αν θέλετε να ενεργοποιήσετε τις ειδοποιήσεις,,Scegli se abilitare le notifiche,,Velg om du vil aktivere varsler,,"Zdecyduj, czy chcesz włączyć powiadomienia",,"Izberite, ali želite omogočiti obvestila",,Elige si quieres activar las notificaciones,
ONBOARDING_PROFILE.NOTIFICATIONS_OPT_YES,37253702120103940,,Yes,,Ja,,Ja,,Ναι,,Sì,,Ja,,Tak,,Da,,Sí,
ONBOARDING_PROFILE.NOTIFICATIONS_OPT_NO,37253702120103941,,Not right now,,Nu even niet,,Im Moment nicht,,Όχι αυτή τη στιγμή,,Non adesso,,Ikke akkurat nå,,Nie w tej chwili,,Ne zdaj,,Ahora mismo no,
ONBOARDING_PROFILE.LABEL_REMINDER_TIME,37253702120103942,,Reminder Time,,Herinneringstijd,,Erinnerungszeit,,Ώρα υπενθύμισης,,È ora di un promemoria,,Påminnelsestidspunkt,,Czas na przypomnienie,,Čas za opomin,,Hora del recordatorio,
ONBOARDING_PROFILE.PLACEHOLDER_REMINDER_TIME,37253702120103943,,Select a preferred time,,Kies een gewenst tijdstip,,Wählen Sie einen Wunschtermin aus,,Επιλέξτε την ώρα που προτιμάτε,,Scegli l'orario che preferisci,,Velg et ønsket tidspunkt,,Wybierz dogodny termin,,Izberite želeni čas,,Elige la hora que prefieras,
NUTRI_MSG_NOT_AVAILABLE_YET,34305618675228672,,"Oops! This section isn’t available yet, but don’t worry: we’re working on it so you’ll be able to enjoy it very soon.

FOODMISSION is constantly evolving. We’re improving the app and adding new features thanks to feedback from people like you. Thank you for helping us to keep growing!",,"Oeps! Dit gedeelte is nog niet beschikbaar, maar maak je geen zorgen: we zijn ermee bezig, dus je kunt er binnenkort van genieten.

FOODMISSION blijft zich voortdurend ontwikkelen. Dankzij de feedback van mensen zoals jij verbeteren we de app en voegen we nieuwe functies toe. Bedankt dat je ons helpt om te blijven groeien!",,"Hoppla! Dieser Bereich ist noch nicht verfügbar, aber keine Sorge: Wir arbeiten daran, damit du ihn schon bald nutzen kannst.

FOODMISSION entwickelt sich ständig weiter. Dank des Feedbacks von Nutzern wie dir verbessern wir die App und fügen neue Funktionen hinzu. Vielen Dank, dass du uns dabei hilfst, weiter zu wachsen!",,"Ουπς! Αυτή η ενότητα δεν είναι ακόμα διαθέσιμη, αλλά μην ανησυχείτε: την επεξεργαζόμαστε, ώστε να μπορείτε να την απολαύσετε πολύ σύντομα.

Το FOODMISSION εξελίσσεται συνεχώς. Βελτιώνουμε την εφαρμογή και προσθέτουμε νέες λειτουργίες χάρη στα σχόλιά σας. Σας ευχαριστούμε που μας βοηθάτε να συνεχίσουμε να εξελισσόμαστε!",,"Ops! Questa sezione non è ancora disponibile, ma non preoccuparti: ci stiamo lavorando e potrai usarla molto presto.

FOODMISSION è in continua evoluzione. Stiamo migliorando l'app e aggiungendo nuove funzionalità grazie ai feedback di utenti come te. Grazie per aiutarci a crescere sempre di più!",,"Ups! Denne delen er ikke tilgjengelig ennå, men ikke fortvil: vi jobber med saken, så du vil kunne nyte godt av den veldig snart.

FOODMISSION er i stadig utvikling. Vi forbedrer appen og legger til nye funksjoner takket være tilbakemeldinger fra brukere som deg. Takk for at du hjelper oss med å fortsette å vokse!",,"Ups! Ta sekcja nie jest jeszcze dostępna, ale nie martw się: pracujemy nad nią, więc już wkrótce będziesz mógł z niej korzystać.

FOODMISSION nieustannie się rozwija. Ulepszamy aplikację i dodajemy nowe funkcje dzięki opiniom od użytkowników takich jak Ty. Dziękujemy za pomoc w naszym dalszym rozwoju!",,"Ups! Ta razdelek še ni na voljo, a ne skrbite: delamo na tem, da ga boste lahko kmalu uporabljali.

FOODMISSION se nenehno razvija. Aplikacijo izboljšujemo in dodajamo nove funkcije na podlagi povratnih informacij od uporabnikov, kot ste vi. Hvala, da nam pomagate rasti!",,"¡Ups! Esta sección aún no está disponible, pero no te preocupes: estamos trabajando para que puedas disfrutarla muy pronto.

FOODMISSION sigue en constante evolución. Vamos mejorando la app y añadiendo nuevas funcionalidades gracias al feedback de personas como tú. ¡Gracias por ayudarnos a seguir creciendo!",
MEAL_LOG_LAST_MEALS,34310338294833152,,Last meals,,Laatste maaltijden,,Letzte Mahlzeiten,,Τελευταία γεύματα,,Gli ultimi pasti,,Siste måltider,,Ostatnie posiłki,,Zadnji obroki,,Últimas comidas,
txtNO_ITEMS_SPECIFIED,36108391091789824,,No items specified,,Er zijn geen items opgegeven,,Es wurden keine Elemente angegeben,,Δεν έχουν καθοριστεί στοιχεία,,Nessun articolo specificato,,Ingen varer angitt,,Nie podano żadnych pozycji,,Ni navedenih elementov,,No se han especificado artículos,
NAV_QUIZZES,37187273882591232,,Quizzes,,Quizzen,,Quizze,,Κουίζ,,Quiz,,Quizer,,Quizy,,Kviz,,Quizzes,
QUIZ_FILTER_ALL,37187301837627392,,All,,Alles,,Alle,,Όλα,,Tutto,,Alle,,Wszystkie,,Vse,,Todos,
QUIZ_LEVEL_BEGINNER,37187373195321344,,Beginner,,Beginner,,Anfänger,,Αρχάριος,,Principiante,,Nybegynner,,Początkujący,,Začetnik,,Principiante,
QUIZ_LEVEL_INTERMEDIATE,37187414811205632,,Intermediate,,Gemiddeld,,Mittelstufe,,Ενδιάμεσο επίπεδο,,Livello intermedio,,Mellomnivå,,Poziom średniozaawansowany,,Srednja stopnja,,Nivel intermedio,
QUIZ_LEVEL_ADVANCED,37187437674356736,,Advanced,,Gevorderd,,Fortgeschritten,,Για προχωρημένους,,Avanzato,,Avansert,,Zaawansowane,,Napredno,,Avanzado,
QUIZ_STATUS_ALL,37187477251809280,,All Status,,Alle statussen,,Alle Status,,Όλες οι καταστάσεις,,Tutti gli stati,,Alle statuser,,Wszystkie statusy,,Vsi statusi,,Todos los estados,
QUIZ_STATUS_PENDING,37187522730647552,,Pending,,In afwachting van,,Ausstehend,,Σε εκκρεμότητα,,In sospeso,,Under behandling,,W toku,,V obravnavi,,Pendiente,
QUIZ_STATUS_COMPLETED,37187606511869952,,Completed,,Voltooid,,Abgeschlossen,,Ολοκληρώθηκε,,Completato,,Fullført,,Zakończono,,Zaključeno,,Finalizado,
QUIZZES_EMPTY_STATE,37187629354049536,,No quizzes found matching the selected filters.,,Er zijn geen quizzen gevonden die aan de geselecteerde filters voldoen.,,"Es wurden keine Quizze gefunden, die den ausgewählten Filtern entsprechen.",,Δεν βρέθηκαν κουίζ που να ανταποκρίνονται στα επιλεγμένα κριτήρια.,,Non sono stati trovati quiz corrispondenti ai filtri selezionati.,,Det ble ikke funnet noen spørrekonkurranser som samsvarer med de valgte filtrene.,,Nie znaleziono quizów odpowiadających wybranym filtrom.,,"Ni bilo najdenih kvizov, ki bi ustrezali izbranim filtrom.",,No se han encontrado cuestionarios que se ajusten a los filtros seleccionados.,
QUIZZES_LEVEL_TITLE,37196650563756032,,Level,,Niveau,,Stufe,,Επίπεδο,,Livello,,Nivå,,Poziom,,Raven,,Nivel,
QUIZZES_STATUS_TITLE,37196726493241344,,Status,,Status,,Status,,Κατάσταση,,Stato,,Status,,Status,,Stanje,,Estado,
PANTRY_DELETE_OPTIONS_TITLE,38390811899977728,,What happened to this product?,,Wat is er met dit product gebeurd?,,Was ist mit diesem Produkt passiert?,,Τι συνέβη με αυτό το προϊόν;,,Cosa è successo a questo prodotto?,,Hva skjedde med dette produktet?,,Co się stało z tym produktem?,,Kaj se je zgodilo s tem izdelkom?,,¿Qué ha pasado con este producto?,
PANTRY_DELETE_OPTIONS_MSG,38390811904172032,,What happened to {0}?,,Wat is er met {0} gebeurd?,,Was ist mit {0} passiert?,,Τι συνέβη με το {0};,,Cosa è successo a {0}?,,Hva skjedde med {0}?,,Co się stało z {0}?,,Kaj se je zgodilo z {0}?,,¿Qué ocurrió con {0}?,
PANTRY_ACTION_EATEN,38390811904172033,,Mark as eaten,,Registreren als gegeten,,Als gegessen erfassen,,Καταγραφή ως καταναλωθέν,,Registra come consumato,,Merk som spist,,Zarejestruj jako zjedzone,,Označi kot zaužito,,Registrar como comido,
PANTRY_ACTION_WASTE,38390811904172034,,Log as food waste,,Registreren als voedselverspilling,,Als Lebensmittelabfall erfassen,,Καταγραφή ως σπατάλη τροφίμων,,Registra come spreco,,Logg som matsvinn,,Zarejestruj jako odpadki,,Zabeleži kot odpadek hrane,,Registrar como desperdicio,
PANTRY_ACTION_DELETE,38390811904172035,,Remove from pantry,,Verwijderen uit voorraadkast,,Aus Vorratskammer löschen,,Διαγραφή από το ντουλάπι,,Rimuovi dalla dispensa,,Fjern fra spiskammeret,,Usuń ze spiżarni,,Odstrani iz shrambe,,Solo eliminar de la despensa,
PANTRY_ITEM_EATEN_SUCCESS,38390811904172036,,Meal logged successfully,,Maaltijd succesvol geregistreerd,,Mahlzeit erfolgreich erfasst,,Το γεύμα καταγράφηκε με επιτυχία,,Pasto registrato con successo,,Måltid logget,,Posiłek zarejestrowany pomyślnie,,Obrok uspešno zabeležen,,Comida registrada con éxito,
PANTRY_ITEM_WASTE_SUCCESS,38390811904172037,,Food waste logged successfully,,Voedselverspilling succesvol geregistreerd,,Lebensmittelabfall erfolgreich erfasst,,Η σπατάλη τροφίμων καταγράφηκε με επιτυχία,,Spreco alimentare registrato con successo,,Matsvinn logget,,Odpady żywnościowe zarejestrowane pomyślnie,,Odpadek hrane uspešno zabeležen,,Desperdicio registrado con éxito,
PANTRY_ITEM_DELETED_SUCCESS,38390811904172038,,Item removed from pantry,,Artikel verwijderd uit voorraadkast,,Artikel aus Vorratskammer entfernt,,Το προϊόν διαγράφηκε από το ντουλάπι,,Articolo rimosso dalla dispensa,,Vare fjernet fra spiskammeret,,Produkt usunięty ze spiżarni,,Izdelek odstranjen iz shrambe,,Producto eliminado de la despensa,
FOOD_WASTE_QUANTITY_LABEL,38403531093303296,,Quantitty wasted,,Verspilde hoeveelheid,,Verschwendete Menge,,Ποσότητα που χάθηκε,,Quantità sprecata,,Mengde som er gått til spille,,Ilość zmarnowana,,Količina izgube,,Cantidad desperdiciada,
FOOD_WASTE_COST_LABEL,38403887139381248,,"Estimated cost (€, optional)",,"Geschatte kosten (€, optioneel)",,"Geschätzte Kosten (€, optional)",,"Εκτιμώμενο κόστος (€, προαιρετικό)",,"Costo stimato (€, facoltativo)",,"Anslått kostnad (€, valgfritt)",,"Szacowany koszt (w euro, opcjonalnie)",,"Predvideni stroški (€, neobvezno)",,"Coste estimado (€, opcional)",
FOOD_WASTE_NOTES_LABEL,38404185903849472,,Additional notes (optional),,Aanvullende opmerkingen (optioneel),,Zusätzliche Anmerkungen (optional),,Πρόσθετες σημειώσεις (προαιρετικά),,Note aggiuntive (facoltative),,Ytterligere merknader (valgfritt),,Dodatkowe uwagi (opcjonalne),,Dodatne opombe (neobvezno),,Notas adicionales (opcional),
QTY_EXCEEDS_MAX,,,The quantity cannot exceed the available amount ({0} {1}).,,De hoeveelheid mag het beschikbare aantal ({0} {1}) niet overschrijden.,,Die Menge darf den verfügbaren Bestand ({0} {1}) nicht überschreiten.,,Η ποσότητα δεν μπορεί να υπερβαίνει τη διαθέσιμη ποσότητα ({0} {1}).,,La quantità non può superare l'importo disponibile ({0} {1}).,,Mengden kan ikke overskride tilgjengelig mengde ({0} {1}).,,Ilość nie może przekraczać dostępnej ilości ({0} {1}).,,Količina ne sme presegati razpoložljive količine ({0} {1}).,,La cantidad no puede superar el disponible ({0} {1}).,
